-- phpMyAdmin SQL Dump
-- version 4.5.2
-- http://www.phpmyadmin.net
--
-- Host: localhost
-- Generation Time: Jun 20, 2017 at 01:52 AM
-- Server version: 10.1.10-MariaDB
-- PHP Version: 5.6.19

SET SQL_MODE = "NO_AUTO_VALUE_ON_ZERO";
SET time_zone = "+00:00";


/*!40101 SET @OLD_CHARACTER_SET_CLIENT=@@CHARACTER_SET_CLIENT */;
/*!40101 SET @OLD_CHARACTER_SET_RESULTS=@@CHARACTER_SET_RESULTS */;
/*!40101 SET @OLD_COLLATION_CONNECTION=@@COLLATION_CONNECTION */;
/*!40101 SET NAMES utf8mb4 */;

--
-- Database: `stock`
--

-- --------------------------------------------------------

--
-- Table structure for table `branchs`
--

DROP TABLE IF EXISTS `branchs`;
CREATE TABLE `branchs` (
  `id` int(11) UNSIGNED NOT NULL COMMENT 'auto',
  `name` varchar(250) DEFAULT NULL,
  `email` varchar(200) DEFAULT NULL,
  `address` text,
  `phone` text,
  `mobile` text,
  `logo_path` text,
  `pm_set` int(11) DEFAULT NULL,
  `active` tinyint(1) DEFAULT '1',
  `created_at` datetime DEFAULT NULL,
  `updated_at` datetime DEFAULT NULL,
  `deleted_at` datetime DEFAULT NULL,
  `created_by` int(11) DEFAULT NULL,
  `updated_by` int(11) DEFAULT NULL,
  `deleted_by` int(11) DEFAULT NULL
) ENGINE=InnoDB DEFAULT CHARSET=utf8;

--
-- Dumping data for table `branchs`
--

INSERT INTO `branchs` (`id`, `name`, `email`, `address`, `phone`, `mobile`, `logo_path`, `pm_set`, `active`, `created_at`, `updated_at`, `deleted_at`, `created_by`, `updated_by`, `deleted_by`) VALUES
(1, 'Test Branch', 'Branch@Branch.com', '333/3 ถนนวิภาวดีรังสิต แขวงจอมพล เขตจตุจักร กรุงเทพมหานคร', '02-033-9998', '02-033-9997', NULL, NULL, 1, '2017-06-07 00:00:00', '2017-06-07 12:08:18', NULL, 1, 1, NULL),
(2, 'การไฟฟ้านครหลวง', 'webmaster@mea.or.th', 'เลขที่ 30 ซอยชิดลม ถนนเพลินจิต แขวงลุมพินี เขตปทุมวัน กรุงเทพมหานคร 10330', '', '', NULL, NULL, 1, NULL, '2017-06-07 12:14:50', NULL, 1, 1, NULL);

-- --------------------------------------------------------

--
-- Table structure for table `category`
--

DROP TABLE IF EXISTS `category`;
CREATE TABLE `category` (
  `cat_id` int(11) UNSIGNED NOT NULL,
  `cat_name` varchar(255) DEFAULT NULL,
  `cat_desc` text,
  `parent_cat_id` int(11) DEFAULT NULL,
  `active` tinyint(1) NOT NULL DEFAULT '1',
  `created_at` datetime DEFAULT NULL,
  `updated_at` datetime DEFAULT NULL,
  `deleted_at` datetime DEFAULT NULL,
  `created_by` int(11) DEFAULT NULL,
  `updated_by` int(11) DEFAULT NULL,
  `deleted_by` int(11) DEFAULT NULL
) ENGINE=InnoDB DEFAULT CHARSET=utf8;

--
-- Dumping data for table `category`
--

INSERT INTO `category` (`cat_id`, `cat_name`, `cat_desc`, `parent_cat_id`, `active`, `created_at`, `updated_at`, `deleted_at`, `created_by`, `updated_by`, `deleted_by`) VALUES
(1, 'PWT', 'PWT', NULL, 1, '2017-06-06 00:00:00', '2017-06-06 00:00:00', NULL, 1, 1, NULL),
(2, 'CIMC', 'CIMC', NULL, 1, '2017-06-06 00:00:00', '2017-06-06 00:00:00', NULL, 1, 1, NULL),
(3, 'YORK', 'YORK', NULL, 1, '2017-06-06 00:00:00', '2017-06-06 00:00:00', NULL, 1, 1, NULL),
(4, 'CW-TEST', 'CW-TEST Description', NULL, 0, '2017-06-06 15:50:15', '2017-06-06 15:50:15', NULL, 1, 1, NULL),
(5, 'CW-TEST2', 'CW-TEST2 Description Edited 2', NULL, 0, '2017-06-06 15:50:34', '2017-06-07 10:05:01', NULL, 1, 1, NULL);

-- --------------------------------------------------------

--
-- Table structure for table `groups`
--

DROP TABLE IF EXISTS `groups`;
CREATE TABLE `groups` (
  `id` mediumint(8) UNSIGNED NOT NULL,
  `name` varchar(20) NOT NULL,
  `description` varchar(100) NOT NULL
) ENGINE=InnoDB DEFAULT CHARSET=utf8;

--
-- Dumping data for table `groups`
--

INSERT INTO `groups` (`id`, `name`, `description`) VALUES
(1, 'admin', 'Administrator'),
(2, 'members', 'General User');

-- --------------------------------------------------------

--
-- Table structure for table `login_attempts`
--

DROP TABLE IF EXISTS `login_attempts`;
CREATE TABLE `login_attempts` (
  `id` int(11) UNSIGNED NOT NULL,
  `ip_address` varchar(15) NOT NULL,
  `login` varchar(100) NOT NULL,
  `time` int(11) UNSIGNED DEFAULT NULL
) ENGINE=InnoDB DEFAULT CHARSET=utf8;

-- --------------------------------------------------------

--
-- Table structure for table `options`
--

DROP TABLE IF EXISTS `options`;
CREATE TABLE `options` (
  `option_id` bigint(20) UNSIGNED NOT NULL,
  `option_name` varchar(64) NOT NULL DEFAULT '',
  `option_value` longtext NOT NULL,
  `autoload` varchar(20) NOT NULL DEFAULT 'yes'
) ENGINE=InnoDB DEFAULT CHARSET=utf8;

--
-- Dumping data for table `options`
--

INSERT INTO `options` (`option_id`, `option_name`, `option_value`, `autoload`) VALUES
(1, 'date_format', 'd-M-Y', 'yes'),
(2, 'date_format_js', 'dd-mm-yy', 'yes');

-- --------------------------------------------------------

--
-- Table structure for table `products`
--

DROP TABLE IF EXISTS `products`;
CREATE TABLE `products` (
  `product_id` int(11) UNSIGNED NOT NULL,
  `product_code` varchar(255) NOT NULL,
  `product_name` varchar(255) DEFAULT NULL,
  `product_number` varchar(255) DEFAULT NULL,
  `product_desc` text,
  `product_price_selling` double DEFAULT '0',
  `product_price_purchasing` double DEFAULT '0',
  `product_branch_origin` int(11) UNSIGNED NOT NULL,
  `product_branch_present` int(11) UNSIGNED NOT NULL,
  `cat_id` int(11) UNSIGNED NOT NULL,
  `quantity` int(11) UNSIGNED DEFAULT NULL,
  `parent_product_id` int(11) DEFAULT NULL,
  `active` tinyint(1) NOT NULL DEFAULT '1',
  `created_at` datetime DEFAULT NULL,
  `updated_at` datetime DEFAULT NULL,
  `deleted_at` datetime DEFAULT NULL,
  `created_by` int(11) DEFAULT NULL,
  `updated_by` int(11) DEFAULT NULL,
  `deleted_by` int(11) DEFAULT NULL
) ENGINE=InnoDB DEFAULT CHARSET=utf8;

--
-- Dumping data for table `products`
--

INSERT INTO `products` (`product_id`, `product_code`, `product_name`, `product_number`, `product_desc`, `product_price_selling`, `product_price_purchasing`, `product_branch_origin`, `product_branch_present`, `cat_id`, `quantity`, `parent_product_id`, `active`, `created_at`, `updated_at`, `deleted_at`, `created_by`, `updated_by`, `deleted_by`) VALUES
(1, 'AS001', 'กรองน้ำมันเครื่อง STRADA', NULL, 'กรองน้ำมันเครื่อง STRADA	MD326489', 28505, 23094, 0, 0, 1, 50, NULL, 1, NULL, NULL, NULL, 1, 1, NULL),
(2, 'AS002', 'กระจกมองข้างขวา-เลย์', NULL, 'กระจกมองข้างขวา-เลย์	1-71798422-0', 570, 500, 0, 0, 1, 200, NULL, 1, NULL, NULL, NULL, 1, 1, NULL);

-- --------------------------------------------------------

--
-- Table structure for table `product_conditions`
--

DROP TABLE IF EXISTS `product_conditions`;
CREATE TABLE `product_conditions` (
  `product_id` int(11) UNSIGNED NOT NULL,
  `quantity_min` int(11) UNSIGNED NOT NULL,
  `quantity_max` int(11) UNSIGNED NOT NULL
) ENGINE=InnoDB DEFAULT CHARSET=utf8;

-- --------------------------------------------------------

--
-- Table structure for table `product_images`
--

DROP TABLE IF EXISTS `product_images`;
CREATE TABLE `product_images` (
  `image_id` int(11) UNSIGNED NOT NULL,
  `image_desc` text,
  `image_name` varchar(255) DEFAULT NULL,
  `image_data` text,
  `image_path` text,
  `product_id` int(11) NOT NULL,
  `active` tinyint(1) NOT NULL DEFAULT '1',
  `created_at` datetime DEFAULT NULL,
  `updated_at` datetime DEFAULT NULL,
  `deleted_at` datetime DEFAULT NULL,
  `created_by` int(11) DEFAULT NULL,
  `updated_by` int(11) DEFAULT NULL,
  `deleted_by` int(11) DEFAULT NULL
) ENGINE=InnoDB DEFAULT CHARSET=utf8;

-- --------------------------------------------------------

--
-- Table structure for table `reason`
--

DROP TABLE IF EXISTS `reason`;
CREATE TABLE `reason` (
  `reason_id` int(11) NOT NULL,
  `reason_title` varchar(255) NOT NULL,
  `reason_desc` text,
  `active` tinyint(1) NOT NULL DEFAULT '1',
  `created_at` datetime DEFAULT NULL,
  `updated_at` datetime DEFAULT NULL,
  `deleted_at` datetime DEFAULT NULL,
  `created_by` int(11) DEFAULT NULL,
  `updated_by` int(11) DEFAULT NULL,
  `deleted_by` int(11) DEFAULT NULL
) ENGINE=InnoDB DEFAULT CHARSET=utf8;

--
-- Dumping data for table `reason`
--

INSERT INTO `reason` (`reason_id`, `reason_title`, `reason_desc`, `active`, `created_at`, `updated_at`, `deleted_at`, `created_by`, `updated_by`, `deleted_by`) VALUES
(1, 'ตัด Stock2', 'ตัด Stock desc 2', 1, '0000-00-00 00:00:00', '2017-06-07 12:40:09', NULL, 1, 1, NULL);

-- --------------------------------------------------------

--
-- Table structure for table `sale_order`
--

DROP TABLE IF EXISTS `sale_order`;
CREATE TABLE `sale_order` (
  `order_no` varchar(15) NOT NULL,
  `order_subtotal` double NOT NULL,
  `order_discount` double NOT NULL,
  `order_tax` double NOT NULL,
  `order_total` double NOT NULL,
  `reason_id` int(11) NOT NULL,
  `branchs_id` int(11) NOT NULL,
  `order_ship_name` varchar(255) DEFAULT NULL,
  `order_ship_tel` varchar(20) DEFAULT NULL,
  `order_ship_address` text,
  `order_billing_name` varchar(255) DEFAULT NULL,
  `order_billing_tel` varchar(20) DEFAULT NULL,
  `order_billing_address` text,
  `order_desc` text,
  `order_remark` text NOT NULL,
  `order_status` varchar(1) NOT NULL COMMENT '''A'' = Approved, ''W'' = Wait for Approve, ''R'' = Reject, ''C'' = Cancel',
  `active` tinyint(1) NOT NULL DEFAULT '1',
  `created_at` datetime NOT NULL,
  `created_by` int(11) NOT NULL,
  `updated_at` datetime NOT NULL,
  `updated_by` int(11) NOT NULL
) ENGINE=InnoDB DEFAULT CHARSET=utf8;

--
-- Dumping data for table `sale_order`
--

INSERT INTO `sale_order` (`order_no`, `order_subtotal`, `order_discount`, `order_tax`, `order_total`, `reason_id`, `branchs_id`, `order_ship_name`, `order_ship_tel`, `order_ship_address`, `order_billing_name`, `order_billing_tel`, `order_billing_address`, `order_desc`, `order_remark`, `order_status`, `active`, `created_at`, `created_by`, `updated_at`, `updated_by`) VALUES
('OD20170618-4826', 30215, 215, 7, 27900, 0, 1, NULL, NULL, NULL, NULL, NULL, NULL, NULL, 'กรุณาระบุเหตุผลทุกครั้ง', 'A', 1, '2017-06-18 14:46:48', 1, '2017-06-18 14:46:48', 1),
('OD20170618-6364', 59290, 95, 7, 55051.35, 0, 1, NULL, NULL, NULL, NULL, NULL, NULL, NULL, 'กรุณาระบุเหตุผลทุกครั้ง', 'A', 1, '2017-06-18 13:22:15', 1, '2017-06-18 13:22:15', 1),
('OD20170618-7924', 30215, 6, 7, 28094.37, 0, 1, 's', NULL, 'sa', 'b', NULL, 'ba', NULL, 'remark', 'W', 1, '2017-06-18 17:58:36', 1, '2017-06-18 17:58:36', 1);

-- --------------------------------------------------------

--
-- Table structure for table `sale_order_item`
--

DROP TABLE IF EXISTS `sale_order_item`;
CREATE TABLE `sale_order_item` (
  `order_no` varchar(15) NOT NULL,
  `product_id` int(11) NOT NULL,
  `unit_price` double NOT NULL,
  `quantity` double NOT NULL,
  `amount` double NOT NULL
) ENGINE=InnoDB DEFAULT CHARSET=utf8;

--
-- Dumping data for table `sale_order_item`
--

INSERT INTO `sale_order_item` (`order_no`, `product_id`, `unit_price`, `quantity`, `amount`) VALUES
('OD20170618-4826', 1, 28505, 1, 28505),
('OD20170618-4826', 2, 570, 3, 1710),
('OD20170618-6364', 1, 28505, 2, 57010),
('OD20170618-6364', 2, 570, 4, 2280),
('OD20170618-7924', 1, 28505, 1, 28505),
('OD20170618-7924', 2, 570, 3, 1710);

-- --------------------------------------------------------

--
-- Table structure for table `sessions`
--

DROP TABLE IF EXISTS `sessions`;
CREATE TABLE `sessions` (
  `id` varchar(128) NOT NULL,
  `ip_address` varchar(45) NOT NULL,
  `timestamp` int(10) UNSIGNED NOT NULL DEFAULT '0',
  `data` blob NOT NULL
) ENGINE=InnoDB DEFAULT CHARSET=utf8;

--
-- Dumping data for table `sessions`
--

INSERT INTO `sessions` (`id`, `ip_address`, `timestamp`, `data`) VALUES
('u76plup4pcovsqro2pobovq8fmnj98kv', '127.0.0.1', 1497787759, 0x5f5f63695f6c6173745f726567656e65726174657c693a313439373738373731363b6964656e746974797c733a31353a2261646d696e4061646d696e2e636f6d223b656d61696c7c733a31353a2261646d696e4061646d696e2e636f6d223b757365725f69647c733a313a2231223b6f6c645f6c6173745f6c6f67696e7c733a31303a2231343937373530323533223b6c6173745f636865636b7c693a313439373737313533313b636172745f6974656d7c613a303a7b7d),
('i4fr6m2ioagrr28jlaqukdj9lrsap481', '127.0.0.1', 1497788462, 0x5f5f63695f6c6173745f726567656e65726174657c693a313439373738383138313b6964656e746974797c733a31353a2261646d696e4061646d696e2e636f6d223b656d61696c7c733a31353a2261646d696e4061646d696e2e636f6d223b757365725f69647c733a313a2231223b6f6c645f6c6173745f6c6f67696e7c733a31303a2231343937373530323533223b6c6173745f636865636b7c693a313439373737313533313b636172745f6974656d7c613a303a7b7d),
('lj8f6h6ejgufn7j6l9873kaaicm7d3oh', '127.0.0.1', 1497788781, 0x5f5f63695f6c6173745f726567656e65726174657c693a313439373738383439343b6964656e746974797c733a31353a2261646d696e4061646d696e2e636f6d223b656d61696c7c733a31353a2261646d696e4061646d696e2e636f6d223b757365725f69647c733a313a2231223b6f6c645f6c6173745f6c6f67696e7c733a31303a2231343937373530323533223b6c6173745f636865636b7c693a313439373737313533313b636172745f6974656d7c613a303a7b7d),
('h6opb5tqlqtpa8ol369ah4lovn920gd1', '127.0.0.1', 1497789130, 0x5f5f63695f6c6173745f726567656e65726174657c693a313439373738383833343b6964656e746974797c733a31353a2261646d696e4061646d696e2e636f6d223b656d61696c7c733a31353a2261646d696e4061646d696e2e636f6d223b757365725f69647c733a313a2231223b6f6c645f6c6173745f6c6f67696e7c733a31303a2231343937373530323533223b6c6173745f636865636b7c693a313439373737313533313b636172745f6974656d7c613a303a7b7d),
('r0ok3bpdngjc7c5c3316q8eibt3gjdul', '127.0.0.1', 1497789419, 0x5f5f63695f6c6173745f726567656e65726174657c693a313439373738393133363b6964656e746974797c733a31353a2261646d696e4061646d696e2e636f6d223b656d61696c7c733a31353a2261646d696e4061646d696e2e636f6d223b757365725f69647c733a313a2231223b6f6c645f6c6173745f6c6f67696e7c733a31303a2231343937373530323533223b6c6173745f636865636b7c693a313439373737313533313b636172745f6974656d7c613a303a7b7d),
('2cmnebhbcn6d9upe1f9blia3km4b9kcp', '127.0.0.1', 1497789735, 0x5f5f63695f6c6173745f726567656e65726174657c693a313439373738393434373b6964656e746974797c733a31353a2261646d696e4061646d696e2e636f6d223b656d61696c7c733a31353a2261646d696e4061646d696e2e636f6d223b757365725f69647c733a313a2231223b6f6c645f6c6173745f6c6f67696e7c733a31303a2231343937373530323533223b6c6173745f636865636b7c693a313439373737313533313b636172745f6974656d7c613a303a7b7d),
('v9lct74tg3jp42lc6gl9jflpnh9581ma', '127.0.0.1', 1497789663, 0x5f5f63695f6c6173745f726567656e65726174657c693a313439373738393635353b6964656e746974797c733a31353a2261646d696e4061646d696e2e636f6d223b656d61696c7c733a31353a2261646d696e4061646d696e2e636f6d223b757365725f69647c733a313a2231223b6f6c645f6c6173745f6c6f67696e7c733a31303a2231343937373830303331223b6c6173745f636865636b7c693a313439373738393635383b),
('k8gi22ofmfm62172ct2v06h3hfrtdn28', '127.0.0.1', 1497790009, 0x5f5f63695f6c6173745f726567656e65726174657c693a313439373738393831383b6964656e746974797c733a31353a2261646d696e4061646d696e2e636f6d223b656d61696c7c733a31353a2261646d696e4061646d696e2e636f6d223b757365725f69647c733a313a2231223b6f6c645f6c6173745f6c6f67696e7c733a31303a2231343937373530323533223b6c6173745f636865636b7c693a313439373737313533313b),
('ri43j6cetugs8qb9e4jl70ls2sfbe9en', '127.0.0.1', 1497793475, 0x5f5f63695f6c6173745f726567656e65726174657c693a313439373739333435303b6964656e746974797c733a31353a2261646d696e4061646d696e2e636f6d223b656d61696c7c733a31353a2261646d696e4061646d696e2e636f6d223b757365725f69647c733a313a2231223b6f6c645f6c6173745f6c6f67696e7c733a31303a2231343937373530323533223b6c6173745f636865636b7c693a313439373737313533313b),
('9p1k8e6me1geri0q1irfu1c6eeok15ea', '127.0.0.1', 1497795073, 0x5f5f63695f6c6173745f726567656e65726174657c693a313439373739343738393b6964656e746974797c733a31353a2261646d696e4061646d696e2e636f6d223b656d61696c7c733a31353a2261646d696e4061646d696e2e636f6d223b757365725f69647c733a313a2231223b6f6c645f6c6173745f6c6f67696e7c733a31303a2231343937373530323533223b6c6173745f636865636b7c693a313439373737313533313b636172745f6974656d7c613a323a7b693a303b613a383a7b733a31303a2270726f647563745f6964223b733a313a2231223b733a31323a2270726f647563745f6e616d65223b733a35383a22e0b881e0b8a3e0b8ade0b887e0b899e0b989e0b8b3e0b8a1e0b8b1e0b899e0b980e0b884e0b8a3e0b8b7e0b988e0b8ade0b88720535452414441223b733a383a227175616e74697479223b733a34393a223c696e70757420747970653d276e756d6265722720636c6173733d277175616e74697479272076616c75653d2731275c3e223b733a31303a226e5f7175616e74697479223b733a313a2231223b733a32313a2270726f647563745f70726963655f73656c6c696e67223b733a353a223238353035223b733a363a22616d6f756e74223b733a37313a223c696e70757420747970653d276e756d6265722720636c6173733d27616d6f756e74272076616c75653d273238353035275c20726561646f6e6c793d27726561646f6e6c79273e223b733a383a226e5f616d6f756e74223b693a32383530353b733a363a22616374696f6e223b733a3231383a223c6120636c6173733d2762746e2062746e2d696e666f2062746e2d736d2720687265663d276a6176617363726970743a6164645f6361727428312c31293b273e3c6920636c6173733d2766612d6677206661202066612d6172726f772d7570273e3c2f693e3c2f613e203c6120636c6173733d2762746e2062746e2d7761726e696e672062746e2d736d2720687265663d276a6176617363726970743a6164645f6361727428312c2d31293b273e3c6920636c6173733d2766612d6677206661202066612d6172726f772d646f776e273e3c2f693e3c2f613e20223b7d693a313b613a383a7b733a31303a2270726f647563745f6964223b733a313a2232223b733a31323a2270726f647563745f6e616d65223b733a35383a22e0b881e0b8a3e0b8b0e0b888e0b881e0b8a1e0b8ade0b887e0b882e0b989e0b8b2e0b887e0b882e0b8a7e0b8b22de0b980e0b8a5e0b8a2e0b98c223b733a383a227175616e74697479223b733a34393a223c696e70757420747970653d276e756d6265722720636c6173733d277175616e74697479272076616c75653d2732275c3e223b733a31303a226e5f7175616e74697479223b693a323b733a32313a2270726f647563745f70726963655f73656c6c696e67223b733a333a22353730223b733a363a22616d6f756e74223b733a37303a223c696e70757420747970653d276e756d6265722720636c6173733d27616d6f756e74272076616c75653d2731313430275c20726561646f6e6c793d27726561646f6e6c79273e223b733a383a226e5f616d6f756e74223b693a313134303b733a363a22616374696f6e223b733a3231383a223c6120636c6173733d2762746e2062746e2d696e666f2062746e2d736d2720687265663d276a6176617363726970743a6164645f6361727428322c31293b273e3c6920636c6173733d2766612d6677206661202066612d6172726f772d7570273e3c2f693e3c2f613e203c6120636c6173733d2762746e2062746e2d7761726e696e672062746e2d736d2720687265663d276a6176617363726970743a6164645f6361727428322c2d31293b273e3c6920636c6173733d2766612d6677206661202066612d6172726f772d646f776e273e3c2f693e3c2f613e20223b7d7d),
('l7pgka52q3lp016155oi32h0njf2e4af', '127.0.0.1', 1497795148, 0x5f5f63695f6c6173745f726567656e65726174657c693a313439373739353134373b6964656e746974797c733a31353a2261646d696e4061646d696e2e636f6d223b656d61696c7c733a31353a2261646d696e4061646d696e2e636f6d223b757365725f69647c733a313a2231223b6f6c645f6c6173745f6c6f67696e7c733a31303a2231343937373530323533223b6c6173745f636865636b7c693a313439373737313533313b636172745f6974656d7c613a323a7b693a303b613a383a7b733a31303a2270726f647563745f6964223b733a313a2231223b733a31323a2270726f647563745f6e616d65223b733a35383a22e0b881e0b8a3e0b8ade0b887e0b899e0b989e0b8b3e0b8a1e0b8b1e0b899e0b980e0b884e0b8a3e0b8b7e0b988e0b8ade0b88720535452414441223b733a383a227175616e74697479223b733a34393a223c696e70757420747970653d276e756d6265722720636c6173733d277175616e74697479272076616c75653d2731275c3e223b733a31303a226e5f7175616e74697479223b733a313a2231223b733a32313a2270726f647563745f70726963655f73656c6c696e67223b733a353a223238353035223b733a363a22616d6f756e74223b733a37313a223c696e70757420747970653d276e756d6265722720636c6173733d27616d6f756e74272076616c75653d273238353035275c20726561646f6e6c793d27726561646f6e6c79273e223b733a383a226e5f616d6f756e74223b693a32383530353b733a363a22616374696f6e223b733a3231383a223c6120636c6173733d2762746e2062746e2d696e666f2062746e2d736d2720687265663d276a6176617363726970743a6164645f6361727428312c31293b273e3c6920636c6173733d2766612d6677206661202066612d6172726f772d7570273e3c2f693e3c2f613e203c6120636c6173733d2762746e2062746e2d7761726e696e672062746e2d736d2720687265663d276a6176617363726970743a6164645f6361727428312c2d31293b273e3c6920636c6173733d2766612d6677206661202066612d6172726f772d646f776e273e3c2f693e3c2f613e20223b7d693a313b613a383a7b733a31303a2270726f647563745f6964223b733a313a2232223b733a31323a2270726f647563745f6e616d65223b733a35383a22e0b881e0b8a3e0b8b0e0b888e0b881e0b8a1e0b8ade0b887e0b882e0b989e0b8b2e0b887e0b882e0b8a7e0b8b22de0b980e0b8a5e0b8a2e0b98c223b733a383a227175616e74697479223b733a34393a223c696e70757420747970653d276e756d6265722720636c6173733d277175616e74697479272076616c75653d2732275c3e223b733a31303a226e5f7175616e74697479223b693a323b733a32313a2270726f647563745f70726963655f73656c6c696e67223b733a333a22353730223b733a363a22616d6f756e74223b733a37303a223c696e70757420747970653d276e756d6265722720636c6173733d27616d6f756e74272076616c75653d2731313430275c20726561646f6e6c793d27726561646f6e6c79273e223b733a383a226e5f616d6f756e74223b693a313134303b733a363a22616374696f6e223b733a3231383a223c6120636c6173733d2762746e2062746e2d696e666f2062746e2d736d2720687265663d276a6176617363726970743a6164645f6361727428322c31293b273e3c6920636c6173733d2766612d6677206661202066612d6172726f772d7570273e3c2f693e3c2f613e203c6120636c6173733d2762746e2062746e2d7761726e696e672062746e2d736d2720687265663d276a6176617363726970743a6164645f6361727428322c2d31293b273e3c6920636c6173733d2766612d6677206661202066612d6172726f772d646f776e273e3c2f693e3c2f613e20223b7d7d),
('g54af6p25l9o1drn5khp3mch1s9dge3j', '127.0.0.1', 1497795588, 0x5f5f63695f6c6173745f726567656e65726174657c693a313439373739353436333b6964656e746974797c733a31353a2261646d696e4061646d696e2e636f6d223b656d61696c7c733a31353a2261646d696e4061646d696e2e636f6d223b757365725f69647c733a313a2231223b6f6c645f6c6173745f6c6f67696e7c733a31303a2231343937373530323533223b6c6173745f636865636b7c693a313439373737313533313b636172745f6974656d7c613a323a7b693a303b613a383a7b733a31303a2270726f647563745f6964223b733a313a2231223b733a31323a2270726f647563745f6e616d65223b733a35383a22e0b881e0b8a3e0b8ade0b887e0b899e0b989e0b8b3e0b8a1e0b8b1e0b899e0b980e0b884e0b8a3e0b8b7e0b988e0b8ade0b88720535452414441223b733a383a227175616e74697479223b733a34393a223c696e70757420747970653d276e756d6265722720636c6173733d277175616e74697479272076616c75653d2731275c3e223b733a31303a226e5f7175616e74697479223b733a313a2231223b733a32313a2270726f647563745f70726963655f73656c6c696e67223b733a353a223238353035223b733a363a22616d6f756e74223b733a37313a223c696e70757420747970653d276e756d6265722720636c6173733d27616d6f756e74272076616c75653d273238353035275c20726561646f6e6c793d27726561646f6e6c79273e223b733a383a226e5f616d6f756e74223b693a32383530353b733a363a22616374696f6e223b733a3231383a223c6120636c6173733d2762746e2062746e2d696e666f2062746e2d736d2720687265663d276a6176617363726970743a6164645f6361727428312c31293b273e3c6920636c6173733d2766612d6677206661202066612d6172726f772d7570273e3c2f693e3c2f613e203c6120636c6173733d2762746e2062746e2d7761726e696e672062746e2d736d2720687265663d276a6176617363726970743a6164645f6361727428312c2d31293b273e3c6920636c6173733d2766612d6677206661202066612d6172726f772d646f776e273e3c2f693e3c2f613e20223b7d693a313b613a383a7b733a31303a2270726f647563745f6964223b733a313a2232223b733a31323a2270726f647563745f6e616d65223b733a35383a22e0b881e0b8a3e0b8b0e0b888e0b881e0b8a1e0b8ade0b887e0b882e0b989e0b8b2e0b887e0b882e0b8a7e0b8b22de0b980e0b8a5e0b8a2e0b98c223b733a383a227175616e74697479223b733a34393a223c696e70757420747970653d276e756d6265722720636c6173733d277175616e74697479272076616c75653d2732275c3e223b733a31303a226e5f7175616e74697479223b693a323b733a32313a2270726f647563745f70726963655f73656c6c696e67223b733a333a22353730223b733a363a22616d6f756e74223b733a37303a223c696e70757420747970653d276e756d6265722720636c6173733d27616d6f756e74272076616c75653d2731313430275c20726561646f6e6c793d27726561646f6e6c79273e223b733a383a226e5f616d6f756e74223b693a313134303b733a363a22616374696f6e223b733a3231383a223c6120636c6173733d2762746e2062746e2d696e666f2062746e2d736d2720687265663d276a6176617363726970743a6164645f6361727428322c31293b273e3c6920636c6173733d2766612d6677206661202066612d6172726f772d7570273e3c2f693e3c2f613e203c6120636c6173733d2762746e2062746e2d7761726e696e672062746e2d736d2720687265663d276a6176617363726970743a6164645f6361727428322c2d31293b273e3c6920636c6173733d2766612d6677206661202066612d6172726f772d646f776e273e3c2f693e3c2f613e20223b7d7d),
('t7opkm2esm01cesiq8ora1256cigve4e', '127.0.0.1', 1497796172, 0x5f5f63695f6c6173745f726567656e65726174657c693a313439373739353838303b6964656e746974797c733a31353a2261646d696e4061646d696e2e636f6d223b656d61696c7c733a31353a2261646d696e4061646d696e2e636f6d223b757365725f69647c733a313a2231223b6f6c645f6c6173745f6c6f67696e7c733a31303a2231343937373530323533223b6c6173745f636865636b7c693a313439373737313533313b636172745f6974656d7c613a323a7b693a303b613a383a7b733a31303a2270726f647563745f6964223b733a313a2231223b733a31323a2270726f647563745f6e616d65223b733a35383a22e0b881e0b8a3e0b8ade0b887e0b899e0b989e0b8b3e0b8a1e0b8b1e0b899e0b980e0b884e0b8a3e0b8b7e0b988e0b8ade0b88720535452414441223b733a383a227175616e74697479223b733a34393a223c696e70757420747970653d276e756d6265722720636c6173733d277175616e74697479272076616c75653d2731275c3e223b733a31303a226e5f7175616e74697479223b733a313a2231223b733a32313a2270726f647563745f70726963655f73656c6c696e67223b733a353a223238353035223b733a363a22616d6f756e74223b733a37313a223c696e70757420747970653d276e756d6265722720636c6173733d27616d6f756e74272076616c75653d273238353035275c20726561646f6e6c793d27726561646f6e6c79273e223b733a383a226e5f616d6f756e74223b693a32383530353b733a363a22616374696f6e223b733a3231383a223c6120636c6173733d2762746e2062746e2d696e666f2062746e2d736d2720687265663d276a6176617363726970743a6164645f6361727428312c31293b273e3c6920636c6173733d2766612d6677206661202066612d6172726f772d7570273e3c2f693e3c2f613e203c6120636c6173733d2762746e2062746e2d7761726e696e672062746e2d736d2720687265663d276a6176617363726970743a6164645f6361727428312c2d31293b273e3c6920636c6173733d2766612d6677206661202066612d6172726f772d646f776e273e3c2f693e3c2f613e20223b7d693a313b613a383a7b733a31303a2270726f647563745f6964223b733a313a2232223b733a31323a2270726f647563745f6e616d65223b733a35383a22e0b881e0b8a3e0b8b0e0b888e0b881e0b8a1e0b8ade0b887e0b882e0b989e0b8b2e0b887e0b882e0b8a7e0b8b22de0b980e0b8a5e0b8a2e0b98c223b733a383a227175616e74697479223b733a34393a223c696e70757420747970653d276e756d6265722720636c6173733d277175616e74697479272076616c75653d2732275c3e223b733a31303a226e5f7175616e74697479223b693a323b733a32313a2270726f647563745f70726963655f73656c6c696e67223b733a333a22353730223b733a363a22616d6f756e74223b733a37303a223c696e70757420747970653d276e756d6265722720636c6173733d27616d6f756e74272076616c75653d2731313430275c20726561646f6e6c793d27726561646f6e6c79273e223b733a383a226e5f616d6f756e74223b693a313134303b733a363a22616374696f6e223b733a3231383a223c6120636c6173733d2762746e2062746e2d696e666f2062746e2d736d2720687265663d276a6176617363726970743a6164645f6361727428322c31293b273e3c6920636c6173733d2766612d6677206661202066612d6172726f772d7570273e3c2f693e3c2f613e203c6120636c6173733d2762746e2062746e2d7761726e696e672062746e2d736d2720687265663d276a6176617363726970743a6164645f6361727428322c2d31293b273e3c6920636c6173733d2766612d6677206661202066612d6172726f772d646f776e273e3c2f693e3c2f613e20223b7d7d),
('fp244hj6ijlhrorin4qtfchc25t3ngod', '127.0.0.1', 1497796282, 0x5f5f63695f6c6173745f726567656e65726174657c693a313439373739363236383b6964656e746974797c733a31353a2261646d696e4061646d696e2e636f6d223b656d61696c7c733a31353a2261646d696e4061646d696e2e636f6d223b757365725f69647c733a313a2231223b6f6c645f6c6173745f6c6f67696e7c733a31303a2231343937373530323533223b6c6173745f636865636b7c693a313439373737313533313b636172745f6974656d7c613a323a7b693a303b613a383a7b733a31303a2270726f647563745f6964223b733a313a2231223b733a31323a2270726f647563745f6e616d65223b733a35383a22e0b881e0b8a3e0b8ade0b887e0b899e0b989e0b8b3e0b8a1e0b8b1e0b899e0b980e0b884e0b8a3e0b8b7e0b988e0b8ade0b88720535452414441223b733a383a227175616e74697479223b733a34393a223c696e70757420747970653d276e756d6265722720636c6173733d277175616e74697479272076616c75653d2731275c3e223b733a31303a226e5f7175616e74697479223b733a313a2231223b733a32313a2270726f647563745f70726963655f73656c6c696e67223b733a353a223238353035223b733a363a22616d6f756e74223b733a37313a223c696e70757420747970653d276e756d6265722720636c6173733d27616d6f756e74272076616c75653d273238353035275c20726561646f6e6c793d27726561646f6e6c79273e223b733a383a226e5f616d6f756e74223b693a32383530353b733a363a22616374696f6e223b733a3231383a223c6120636c6173733d2762746e2062746e2d696e666f2062746e2d736d2720687265663d276a6176617363726970743a6164645f6361727428312c31293b273e3c6920636c6173733d2766612d6677206661202066612d6172726f772d7570273e3c2f693e3c2f613e203c6120636c6173733d2762746e2062746e2d7761726e696e672062746e2d736d2720687265663d276a6176617363726970743a6164645f6361727428312c2d31293b273e3c6920636c6173733d2766612d6677206661202066612d6172726f772d646f776e273e3c2f693e3c2f613e20223b7d693a313b613a383a7b733a31303a2270726f647563745f6964223b733a313a2232223b733a31323a2270726f647563745f6e616d65223b733a35383a22e0b881e0b8a3e0b8b0e0b888e0b881e0b8a1e0b8ade0b887e0b882e0b989e0b8b2e0b887e0b882e0b8a7e0b8b22de0b980e0b8a5e0b8a2e0b98c223b733a383a227175616e74697479223b733a34393a223c696e70757420747970653d276e756d6265722720636c6173733d277175616e74697479272076616c75653d2732275c3e223b733a31303a226e5f7175616e74697479223b693a323b733a32313a2270726f647563745f70726963655f73656c6c696e67223b733a333a22353730223b733a363a22616d6f756e74223b733a37303a223c696e70757420747970653d276e756d6265722720636c6173733d27616d6f756e74272076616c75653d2731313430275c20726561646f6e6c793d27726561646f6e6c79273e223b733a383a226e5f616d6f756e74223b693a313134303b733a363a22616374696f6e223b733a3231383a223c6120636c6173733d2762746e2062746e2d696e666f2062746e2d736d2720687265663d276a6176617363726970743a6164645f6361727428322c31293b273e3c6920636c6173733d2766612d6677206661202066612d6172726f772d7570273e3c2f693e3c2f613e203c6120636c6173733d2762746e2062746e2d7761726e696e672062746e2d736d2720687265663d276a6176617363726970743a6164645f6361727428322c2d31293b273e3c6920636c6173733d2766612d6677206661202066612d6172726f772d646f776e273e3c2f693e3c2f613e20223b7d7d),
('nfa7p7t5v5edmj46smgrp0mcvv3phd44', '127.0.0.1', 1497798519, 0x5f5f63695f6c6173745f726567656e65726174657c693a313439373739383531393b6964656e746974797c733a31353a2261646d696e4061646d696e2e636f6d223b656d61696c7c733a31353a2261646d696e4061646d696e2e636f6d223b757365725f69647c733a313a2231223b6f6c645f6c6173745f6c6f67696e7c733a31303a2231343937373530323533223b6c6173745f636865636b7c693a313439373737313533313b636172745f6974656d7c613a323a7b693a303b613a383a7b733a31303a2270726f647563745f6964223b733a313a2231223b733a31323a2270726f647563745f6e616d65223b733a35383a22e0b881e0b8a3e0b8ade0b887e0b899e0b989e0b8b3e0b8a1e0b8b1e0b899e0b980e0b884e0b8a3e0b8b7e0b988e0b8ade0b88720535452414441223b733a383a227175616e74697479223b733a34393a223c696e70757420747970653d276e756d6265722720636c6173733d277175616e74697479272076616c75653d2731275c3e223b733a31303a226e5f7175616e74697479223b733a313a2231223b733a32313a2270726f647563745f70726963655f73656c6c696e67223b733a353a223238353035223b733a363a22616d6f756e74223b733a37313a223c696e70757420747970653d276e756d6265722720636c6173733d27616d6f756e74272076616c75653d273238353035275c20726561646f6e6c793d27726561646f6e6c79273e223b733a383a226e5f616d6f756e74223b693a32383530353b733a363a22616374696f6e223b733a3231383a223c6120636c6173733d2762746e2062746e2d696e666f2062746e2d736d2720687265663d276a6176617363726970743a6164645f6361727428312c31293b273e3c6920636c6173733d2766612d6677206661202066612d6172726f772d7570273e3c2f693e3c2f613e203c6120636c6173733d2762746e2062746e2d7761726e696e672062746e2d736d2720687265663d276a6176617363726970743a6164645f6361727428312c2d31293b273e3c6920636c6173733d2766612d6677206661202066612d6172726f772d646f776e273e3c2f693e3c2f613e20223b7d693a313b613a383a7b733a31303a2270726f647563745f6964223b733a313a2232223b733a31323a2270726f647563745f6e616d65223b733a35383a22e0b881e0b8a3e0b8b0e0b888e0b881e0b8a1e0b8ade0b887e0b882e0b989e0b8b2e0b887e0b882e0b8a7e0b8b22de0b980e0b8a5e0b8a2e0b98c223b733a383a227175616e74697479223b733a34393a223c696e70757420747970653d276e756d6265722720636c6173733d277175616e74697479272076616c75653d2732275c3e223b733a31303a226e5f7175616e74697479223b693a323b733a32313a2270726f647563745f70726963655f73656c6c696e67223b733a333a22353730223b733a363a22616d6f756e74223b733a37303a223c696e70757420747970653d276e756d6265722720636c6173733d27616d6f756e74272076616c75653d2731313430275c20726561646f6e6c793d27726561646f6e6c79273e223b733a383a226e5f616d6f756e74223b693a313134303b733a363a22616374696f6e223b733a3231383a223c6120636c6173733d2762746e2062746e2d696e666f2062746e2d736d2720687265663d276a6176617363726970743a6164645f6361727428322c31293b273e3c6920636c6173733d2766612d6677206661202066612d6172726f772d7570273e3c2f693e3c2f613e203c6120636c6173733d2762746e2062746e2d7761726e696e672062746e2d736d2720687265663d276a6176617363726970743a6164645f6361727428322c2d31293b273e3c6920636c6173733d2766612d6677206661202066612d6172726f772d646f776e273e3c2f693e3c2f613e20223b7d7d),
('bm3b8fbjd700iovtdbvqt3shnkng0luk', '127.0.0.1', 1497799201, 0x5f5f63695f6c6173745f726567656e65726174657c693a313439373739383938353b6964656e746974797c733a31353a2261646d696e4061646d696e2e636f6d223b656d61696c7c733a31353a2261646d696e4061646d696e2e636f6d223b757365725f69647c733a313a2231223b6f6c645f6c6173745f6c6f67696e7c733a31303a2231343937373530323533223b6c6173745f636865636b7c693a313439373737313533313b636172745f6974656d7c613a323a7b693a303b613a383a7b733a31303a2270726f647563745f6964223b733a313a2231223b733a31323a2270726f647563745f6e616d65223b733a35383a22e0b881e0b8a3e0b8ade0b887e0b899e0b989e0b8b3e0b8a1e0b8b1e0b899e0b980e0b884e0b8a3e0b8b7e0b988e0b8ade0b88720535452414441223b733a383a227175616e74697479223b733a34393a223c696e70757420747970653d276e756d6265722720636c6173733d277175616e74697479272076616c75653d2731275c3e223b733a31303a226e5f7175616e74697479223b733a313a2231223b733a32313a2270726f647563745f70726963655f73656c6c696e67223b733a353a223238353035223b733a363a22616d6f756e74223b733a37313a223c696e70757420747970653d276e756d6265722720636c6173733d27616d6f756e74272076616c75653d273238353035275c20726561646f6e6c793d27726561646f6e6c79273e223b733a383a226e5f616d6f756e74223b693a32383530353b733a363a22616374696f6e223b733a3231383a223c6120636c6173733d2762746e2062746e2d696e666f2062746e2d736d2720687265663d276a6176617363726970743a6164645f6361727428312c31293b273e3c6920636c6173733d2766612d6677206661202066612d6172726f772d7570273e3c2f693e3c2f613e203c6120636c6173733d2762746e2062746e2d7761726e696e672062746e2d736d2720687265663d276a6176617363726970743a6164645f6361727428312c2d31293b273e3c6920636c6173733d2766612d6677206661202066612d6172726f772d646f776e273e3c2f693e3c2f613e20223b7d693a313b613a383a7b733a31303a2270726f647563745f6964223b733a313a2232223b733a31323a2270726f647563745f6e616d65223b733a35383a22e0b881e0b8a3e0b8b0e0b888e0b881e0b8a1e0b8ade0b887e0b882e0b989e0b8b2e0b887e0b882e0b8a7e0b8b22de0b980e0b8a5e0b8a2e0b98c223b733a383a227175616e74697479223b733a34393a223c696e70757420747970653d276e756d6265722720636c6173733d277175616e74697479272076616c75653d2732275c3e223b733a31303a226e5f7175616e74697479223b693a323b733a32313a2270726f647563745f70726963655f73656c6c696e67223b733a333a22353730223b733a363a22616d6f756e74223b733a37303a223c696e70757420747970653d276e756d6265722720636c6173733d27616d6f756e74272076616c75653d2731313430275c20726561646f6e6c793d27726561646f6e6c79273e223b733a383a226e5f616d6f756e74223b693a313134303b733a363a22616374696f6e223b733a3231383a223c6120636c6173733d2762746e2062746e2d696e666f2062746e2d736d2720687265663d276a6176617363726970743a6164645f6361727428322c31293b273e3c6920636c6173733d2766612d6677206661202066612d6172726f772d7570273e3c2f693e3c2f613e203c6120636c6173733d2762746e2062746e2d7761726e696e672062746e2d736d2720687265663d276a6176617363726970743a6164645f6361727428322c2d31293b273e3c6920636c6173733d2766612d6677206661202066612d6172726f772d646f776e273e3c2f693e3c2f613e20223b7d7d),
('rtqqvjh2p8fm39u4vc25vjbhmo0md5p6', '127.0.0.1', 1497799730, 0x5f5f63695f6c6173745f726567656e65726174657c693a313439373739393238393b6964656e746974797c733a31353a2261646d696e4061646d696e2e636f6d223b656d61696c7c733a31353a2261646d696e4061646d696e2e636f6d223b757365725f69647c733a313a2231223b6f6c645f6c6173745f6c6f67696e7c733a31303a2231343937373530323533223b6c6173745f636865636b7c693a313439373737313533313b636172745f6974656d7c613a303a7b7d),
('ffhnbdpbnd22qrp127lbq5pm8q471ofp', '127.0.0.1', 1497800031, 0x5f5f63695f6c6173745f726567656e65726174657c693a313439373739393739303b6964656e746974797c733a31353a2261646d696e4061646d696e2e636f6d223b656d61696c7c733a31353a2261646d696e4061646d696e2e636f6d223b757365725f69647c733a313a2231223b6f6c645f6c6173745f6c6f67696e7c733a31303a2231343937373530323533223b6c6173745f636865636b7c693a313439373737313533313b636172745f6974656d7c613a303a7b7d),
('90vp4geo5jtjh3md0o645fa4t0oid9r0', '127.0.0.1', 1497800404, 0x5f5f63695f6c6173745f726567656e65726174657c693a313439373830303132393b6964656e746974797c733a31353a2261646d696e4061646d696e2e636f6d223b656d61696c7c733a31353a2261646d696e4061646d696e2e636f6d223b757365725f69647c733a313a2231223b6f6c645f6c6173745f6c6f67696e7c733a31303a2231343937373530323533223b6c6173745f636865636b7c693a313439373737313533313b636172745f6974656d7c613a303a7b7d),
('9krmghie63h2j4s7599ajtrdhehlmo25', '127.0.0.1', 1497800879, 0x5f5f63695f6c6173745f726567656e65726174657c693a313439373830303634373b6964656e746974797c733a31353a2261646d696e4061646d696e2e636f6d223b656d61696c7c733a31353a2261646d696e4061646d696e2e636f6d223b757365725f69647c733a313a2231223b6f6c645f6c6173745f6c6f67696e7c733a31303a2231343937373530323533223b6c6173745f636865636b7c693a313439373737313533313b636172745f6974656d7c613a323a7b693a303b613a383a7b733a31303a2270726f647563745f6964223b733a313a2231223b733a31323a2270726f647563745f6e616d65223b733a35383a22e0b881e0b8a3e0b8ade0b887e0b899e0b989e0b8b3e0b8a1e0b8b1e0b899e0b980e0b884e0b8a3e0b8b7e0b988e0b8ade0b88720535452414441223b733a383a227175616e74697479223b733a34393a223c696e70757420747970653d276e756d6265722720636c6173733d277175616e74697479272076616c75653d2731275c3e223b733a31303a226e5f7175616e74697479223b733a313a2231223b733a32313a2270726f647563745f70726963655f73656c6c696e67223b733a353a223238353035223b733a363a22616d6f756e74223b733a37313a223c696e70757420747970653d276e756d6265722720636c6173733d27616d6f756e74272076616c75653d273238353035275c20726561646f6e6c793d27726561646f6e6c79273e223b733a383a226e5f616d6f756e74223b693a32383530353b733a363a22616374696f6e223b733a3231383a223c6120636c6173733d2762746e2062746e2d696e666f2062746e2d736d2720687265663d276a6176617363726970743a6164645f6361727428312c31293b273e3c6920636c6173733d2766612d6677206661202066612d6172726f772d7570273e3c2f693e3c2f613e203c6120636c6173733d2762746e2062746e2d7761726e696e672062746e2d736d2720687265663d276a6176617363726970743a6164645f6361727428312c2d31293b273e3c6920636c6173733d2766612d6677206661202066612d6172726f772d646f776e273e3c2f693e3c2f613e20223b7d693a313b613a383a7b733a31303a2270726f647563745f6964223b733a313a2232223b733a31323a2270726f647563745f6e616d65223b733a35383a22e0b881e0b8a3e0b8b0e0b888e0b881e0b8a1e0b8ade0b887e0b882e0b989e0b8b2e0b887e0b882e0b8a7e0b8b22de0b980e0b8a5e0b8a2e0b98c223b733a383a227175616e74697479223b733a34393a223c696e70757420747970653d276e756d6265722720636c6173733d277175616e74697479272076616c75653d2733275c3e223b733a31303a226e5f7175616e74697479223b693a333b733a32313a2270726f647563745f70726963655f73656c6c696e67223b733a333a22353730223b733a363a22616d6f756e74223b733a37303a223c696e70757420747970653d276e756d6265722720636c6173733d27616d6f756e74272076616c75653d2731373130275c20726561646f6e6c793d27726561646f6e6c79273e223b733a383a226e5f616d6f756e74223b693a313731303b733a363a22616374696f6e223b733a3231383a223c6120636c6173733d2762746e2062746e2d696e666f2062746e2d736d2720687265663d276a6176617363726970743a6164645f6361727428322c31293b273e3c6920636c6173733d2766612d6677206661202066612d6172726f772d7570273e3c2f693e3c2f613e203c6120636c6173733d2762746e2062746e2d7761726e696e672062746e2d736d2720687265663d276a6176617363726970743a6164645f6361727428322c2d31293b273e3c6920636c6173733d2766612d6677206661202066612d6172726f772d646f776e273e3c2f693e3c2f613e20223b7d7d),
('i0eah7v5pj0vo6o8p3sam09jee49kequ', '127.0.0.1', 1497801127, 0x5f5f63695f6c6173745f726567656e65726174657c693a313439373830313130323b6964656e746974797c733a31353a2261646d696e4061646d696e2e636f6d223b656d61696c7c733a31353a2261646d696e4061646d696e2e636f6d223b757365725f69647c733a313a2231223b6f6c645f6c6173745f6c6f67696e7c733a31303a2231343937373530323533223b6c6173745f636865636b7c693a313439373737313533313b636172745f6974656d7c613a323a7b693a303b613a383a7b733a31303a2270726f647563745f6964223b733a313a2231223b733a31323a2270726f647563745f6e616d65223b733a35383a22e0b881e0b8a3e0b8ade0b887e0b899e0b989e0b8b3e0b8a1e0b8b1e0b899e0b980e0b884e0b8a3e0b8b7e0b988e0b8ade0b88720535452414441223b733a383a227175616e74697479223b733a34393a223c696e70757420747970653d276e756d6265722720636c6173733d277175616e74697479272076616c75653d2731275c3e223b733a31303a226e5f7175616e74697479223b733a313a2231223b733a32313a2270726f647563745f70726963655f73656c6c696e67223b733a353a223238353035223b733a363a22616d6f756e74223b733a37313a223c696e70757420747970653d276e756d6265722720636c6173733d27616d6f756e74272076616c75653d273238353035275c20726561646f6e6c793d27726561646f6e6c79273e223b733a383a226e5f616d6f756e74223b693a32383530353b733a363a22616374696f6e223b733a3231383a223c6120636c6173733d2762746e2062746e2d696e666f2062746e2d736d2720687265663d276a6176617363726970743a6164645f6361727428312c31293b273e3c6920636c6173733d2766612d6677206661202066612d6172726f772d7570273e3c2f693e3c2f613e203c6120636c6173733d2762746e2062746e2d7761726e696e672062746e2d736d2720687265663d276a6176617363726970743a6164645f6361727428312c2d31293b273e3c6920636c6173733d2766612d6677206661202066612d6172726f772d646f776e273e3c2f693e3c2f613e20223b7d693a313b613a383a7b733a31303a2270726f647563745f6964223b733a313a2232223b733a31323a2270726f647563745f6e616d65223b733a35383a22e0b881e0b8a3e0b8b0e0b888e0b881e0b8a1e0b8ade0b887e0b882e0b989e0b8b2e0b887e0b882e0b8a7e0b8b22de0b980e0b8a5e0b8a2e0b98c223b733a383a227175616e74697479223b733a34393a223c696e70757420747970653d276e756d6265722720636c6173733d277175616e74697479272076616c75653d2733275c3e223b733a31303a226e5f7175616e74697479223b693a333b733a32313a2270726f647563745f70726963655f73656c6c696e67223b733a333a22353730223b733a363a22616d6f756e74223b733a37303a223c696e70757420747970653d276e756d6265722720636c6173733d27616d6f756e74272076616c75653d2731373130275c20726561646f6e6c793d27726561646f6e6c79273e223b733a383a226e5f616d6f756e74223b693a313731303b733a363a22616374696f6e223b733a3231383a223c6120636c6173733d2762746e2062746e2d696e666f2062746e2d736d2720687265663d276a6176617363726970743a6164645f6361727428322c31293b273e3c6920636c6173733d2766612d6677206661202066612d6172726f772d7570273e3c2f693e3c2f613e203c6120636c6173733d2762746e2062746e2d7761726e696e672062746e2d736d2720687265663d276a6176617363726970743a6164645f6361727428322c2d31293b273e3c6920636c6173733d2766612d6677206661202066612d6172726f772d646f776e273e3c2f693e3c2f613e20223b7d7d),
('v92s8jjggbg3j8ja6mg0vn6r06dg3fl9', '127.0.0.1', 1497801528, 0x5f5f63695f6c6173745f726567656e65726174657c693a313439373830313438313b6964656e746974797c733a31353a2261646d696e4061646d696e2e636f6d223b656d61696c7c733a31353a2261646d696e4061646d696e2e636f6d223b757365725f69647c733a313a2231223b6f6c645f6c6173745f6c6f67696e7c733a31303a2231343937373530323533223b6c6173745f636865636b7c693a313439373737313533313b),
('56okfgc8rcle4hhmpb9dfg52pe1s6dqm', '127.0.0.1', 1497802113, 0x5f5f63695f6c6173745f726567656e65726174657c693a313439373830313832383b6964656e746974797c733a31353a2261646d696e4061646d696e2e636f6d223b656d61696c7c733a31353a2261646d696e4061646d696e2e636f6d223b757365725f69647c733a313a2231223b6f6c645f6c6173745f6c6f67696e7c733a31303a2231343937373530323533223b6c6173745f636865636b7c693a313439373737313533313b),
('krvaaob96n23b44onn886f84ho9q3mpe', '127.0.0.1', 1497802129, 0x5f5f63695f6c6173745f726567656e65726174657c693a313439373830323132393b6964656e746974797c733a31353a2261646d696e4061646d696e2e636f6d223b656d61696c7c733a31353a2261646d696e4061646d696e2e636f6d223b757365725f69647c733a313a2231223b6f6c645f6c6173745f6c6f67696e7c733a31303a2231343937373530323533223b6c6173745f636865636b7c693a313439373737313533313b),
('faqh5og335f472ljfp46dc431hr667ln', '127.0.0.1', 1497802441, 0x5f5f63695f6c6173745f726567656e65726174657c693a313439373830323433333b6964656e746974797c733a31353a2261646d696e4061646d696e2e636f6d223b656d61696c7c733a31353a2261646d696e4061646d696e2e636f6d223b757365725f69647c733a313a2231223b6f6c645f6c6173745f6c6f67696e7c733a31303a2231343937373530323533223b6c6173745f636865636b7c693a313439373737313533313b636172745f6974656d7c613a303a7b7d),
('pjs7v5ldqrtnnp5fnh33vm6klqm55eo1', '127.0.0.1', 1497803966, 0x5f5f63695f6c6173745f726567656e65726174657c693a313439373830333831333b6964656e746974797c733a31353a2261646d696e4061646d696e2e636f6d223b656d61696c7c733a31353a2261646d696e4061646d696e2e636f6d223b757365725f69647c733a313a2231223b6f6c645f6c6173745f6c6f67696e7c733a31303a2231343937373530323533223b6c6173745f636865636b7c693a313439373737313533313b636172745f6974656d7c613a303a7b7d),
('q6h24fdbjfj5bdm3olh4l3vmb8hv2npq', '::1', 1497875443, 0x5f5f63695f6c6173745f726567656e65726174657c693a313439373837353434333b),
('9rs2ro32g664u0fs5blhgbr6pgrhlq69', '::1', 1497876434, 0x5f5f63695f6c6173745f726567656e65726174657c693a313439373837363233363b6964656e746974797c733a31353a2261646d696e4061646d696e2e636f6d223b656d61696c7c733a31353a2261646d696e4061646d696e2e636f6d223b757365725f69647c733a313a2231223b6f6c645f6c6173745f6c6f67696e7c733a31303a2231343937373839363538223b6c6173745f636865636b7c693a313439373837363234383b636172745f6974656d7c613a303a7b7d),
('nt9ia9477omdpebj2389vuq1upl7io29', '::1', 1497876834, 0x5f5f63695f6c6173745f726567656e65726174657c693a313439373837363636313b6964656e746974797c733a31353a2261646d696e4061646d696e2e636f6d223b656d61696c7c733a31353a2261646d696e4061646d696e2e636f6d223b757365725f69647c733a313a2231223b6f6c645f6c6173745f6c6f67696e7c733a31303a2231343937373839363538223b6c6173745f636865636b7c693a313439373837363234383b636172745f6974656d7c613a303a7b7d),
('lq452qd630b4abdfepobngjq3v85355k', '::1', 1497877063, 0x5f5f63695f6c6173745f726567656e65726174657c693a313439373837373032353b6964656e746974797c733a31353a2261646d696e4061646d696e2e636f6d223b656d61696c7c733a31353a2261646d696e4061646d696e2e636f6d223b757365725f69647c733a313a2231223b6f6c645f6c6173745f6c6f67696e7c733a31303a2231343937373839363538223b6c6173745f636865636b7c693a313439373837363234383b636172745f6974656d7c613a303a7b7d),
('7ldbcp4gfhu6njvsmivuqh8drelooi07', '::1', 1497877587, 0x5f5f63695f6c6173745f726567656e65726174657c693a313439373837373437383b6964656e746974797c733a31353a2261646d696e4061646d696e2e636f6d223b656d61696c7c733a31353a2261646d696e4061646d696e2e636f6d223b757365725f69647c733a313a2231223b6f6c645f6c6173745f6c6f67696e7c733a31303a2231343937373839363538223b6c6173745f636865636b7c693a313439373837363234383b636172745f6974656d7c613a303a7b7d),
('un568dmru0t932dd29hucme6iqh90khg', '::1', 1497878632, 0x5f5f63695f6c6173745f726567656e65726174657c693a313439373837383335363b6964656e746974797c733a31353a2261646d696e4061646d696e2e636f6d223b656d61696c7c733a31353a2261646d696e4061646d696e2e636f6d223b757365725f69647c733a313a2231223b6f6c645f6c6173745f6c6f67696e7c733a31303a2231343937373839363538223b6c6173745f636865636b7c693a313439373837363234383b636172745f6974656d7c613a303a7b7d),
('rn00b5dtmbgos849f0m7pke9deig77fj', '::1', 1497878781, 0x5f5f63695f6c6173745f726567656e65726174657c693a313439373837383730383b6964656e746974797c733a31353a2261646d696e4061646d696e2e636f6d223b656d61696c7c733a31353a2261646d696e4061646d696e2e636f6d223b757365725f69647c733a313a2231223b6f6c645f6c6173745f6c6f67696e7c733a31303a2231343937373839363538223b6c6173745f636865636b7c693a313439373837363234383b636172745f6974656d7c613a303a7b7d),
('5jq2a461ghdlumdo47dijiom49jaeiet', '::1', 1497879260, 0x5f5f63695f6c6173745f726567656e65726174657c693a313439373837393033303b6964656e746974797c733a31353a2261646d696e4061646d696e2e636f6d223b656d61696c7c733a31353a2261646d696e4061646d696e2e636f6d223b757365725f69647c733a313a2231223b6f6c645f6c6173745f6c6f67696e7c733a31303a2231343937373839363538223b6c6173745f636865636b7c693a313439373837363234383b636172745f6974656d7c613a303a7b7d),
('2sfrrgit8ivfm763io3keug8rh97nmm5', '::1', 1497879387, 0x5f5f63695f6c6173745f726567656e65726174657c693a313439373837393338373b6964656e746974797c733a31353a2261646d696e4061646d696e2e636f6d223b656d61696c7c733a31353a2261646d696e4061646d696e2e636f6d223b757365725f69647c733a313a2231223b6f6c645f6c6173745f6c6f67696e7c733a31303a2231343937373839363538223b6c6173745f636865636b7c693a313439373837363234383b636172745f6974656d7c613a303a7b7d),
('ff3t0punc0dbaa3jq3kd4ajdkuk1v38f', '::1', 1497880151, 0x5f5f63695f6c6173745f726567656e65726174657c693a313439373838303033313b6964656e746974797c733a31353a2261646d696e4061646d696e2e636f6d223b656d61696c7c733a31353a2261646d696e4061646d696e2e636f6d223b757365725f69647c733a313a2231223b6f6c645f6c6173745f6c6f67696e7c733a31303a2231343937373839363538223b6c6173745f636865636b7c693a313439373837363234383b636172745f6974656d7c613a303a7b7d),
('7iid6rvqggffp0s2tgr85pagridu2fbd', '::1', 1497881722, 0x5f5f63695f6c6173745f726567656e65726174657c693a313439373838313532303b6964656e746974797c733a31353a2261646d696e4061646d696e2e636f6d223b656d61696c7c733a31353a2261646d696e4061646d696e2e636f6d223b757365725f69647c733a313a2231223b6f6c645f6c6173745f6c6f67696e7c733a31303a2231343937373839363538223b6c6173745f636865636b7c693a313439373837363234383b636172745f6974656d7c613a303a7b7d),
('okehvcsj7pmsifpbi4vcannrtk74qm3g', '::1', 1497882039, 0x5f5f63695f6c6173745f726567656e65726174657c693a313439373838313833333b6964656e746974797c733a31353a2261646d696e4061646d696e2e636f6d223b656d61696c7c733a31353a2261646d696e4061646d696e2e636f6d223b757365725f69647c733a313a2231223b6f6c645f6c6173745f6c6f67696e7c733a31303a2231343937373839363538223b6c6173745f636865636b7c693a313439373837363234383b636172745f6974656d7c613a303a7b7d),
('a1tbgdld325h37vqtl6v6gnddlt2hes2', '::1', 1497882434, 0x5f5f63695f6c6173745f726567656e65726174657c693a313439373838323134303b6964656e746974797c733a31353a2261646d696e4061646d696e2e636f6d223b656d61696c7c733a31353a2261646d696e4061646d696e2e636f6d223b757365725f69647c733a313a2231223b6f6c645f6c6173745f6c6f67696e7c733a31303a2231343937373839363538223b6c6173745f636865636b7c693a313439373837363234383b636172745f6974656d7c613a303a7b7d),
('m5dgl6jk772l5t99hcr6jm2k3iaa3tai', '::1', 1497882606, 0x5f5f63695f6c6173745f726567656e65726174657c693a313439373838323535393b6964656e746974797c733a31353a2261646d696e4061646d696e2e636f6d223b656d61696c7c733a31353a2261646d696e4061646d696e2e636f6d223b757365725f69647c733a313a2231223b6f6c645f6c6173745f6c6f67696e7c733a31303a2231343937373839363538223b6c6173745f636865636b7c693a313439373837363234383b636172745f6974656d7c613a303a7b7d),
('lhla8tcbhga5laq1mohnuraio94qg5pb', '::1', 1497883369, 0x5f5f63695f6c6173745f726567656e65726174657c693a313439373838333135313b6964656e746974797c733a31353a2261646d696e4061646d696e2e636f6d223b656d61696c7c733a31353a2261646d696e4061646d696e2e636f6d223b757365725f69647c733a313a2231223b6f6c645f6c6173745f6c6f67696e7c733a31303a2231343937373839363538223b6c6173745f636865636b7c693a313439373837363234383b636172745f6974656d7c613a303a7b7d),
('tl6bst9iqcf87pq2k0ga9j93qu1m7v8b', '::1', 1497883714, 0x5f5f63695f6c6173745f726567656e65726174657c693a313439373838333435343b6964656e746974797c733a31353a2261646d696e4061646d696e2e636f6d223b656d61696c7c733a31353a2261646d696e4061646d696e2e636f6d223b757365725f69647c733a313a2231223b6f6c645f6c6173745f6c6f67696e7c733a31303a2231343937373839363538223b6c6173745f636865636b7c693a313439373837363234383b636172745f6974656d7c613a303a7b7d),
('bcafa4q3ol3a40qs368oimitetd4uf7i', '::1', 1497884030, 0x5f5f63695f6c6173745f726567656e65726174657c693a313439373838333738313b6964656e746974797c733a31353a2261646d696e4061646d696e2e636f6d223b656d61696c7c733a31353a2261646d696e4061646d696e2e636f6d223b757365725f69647c733a313a2231223b6f6c645f6c6173745f6c6f67696e7c733a31303a2231343937373839363538223b6c6173745f636865636b7c693a313439373837363234383b636172745f6974656d7c613a303a7b7d),
('e4se2g1n02h0gan6p8k217qb7hjmig3n', '::1', 1497884435, 0x5f5f63695f6c6173745f726567656e65726174657c693a313439373838343134353b6964656e746974797c733a31353a2261646d696e4061646d696e2e636f6d223b656d61696c7c733a31353a2261646d696e4061646d696e2e636f6d223b757365725f69647c733a313a2231223b6f6c645f6c6173745f6c6f67696e7c733a31303a2231343937373839363538223b6c6173745f636865636b7c693a313439373837363234383b636172745f6974656d7c613a303a7b7d),
('7tql609q0im282edrin47v85k7utt8tl', '::1', 1497884681, 0x5f5f63695f6c6173745f726567656e65726174657c693a313439373838343633333b6964656e746974797c733a31353a2261646d696e4061646d696e2e636f6d223b656d61696c7c733a31353a2261646d696e4061646d696e2e636f6d223b757365725f69647c733a313a2231223b6f6c645f6c6173745f6c6f67696e7c733a31303a2231343937373839363538223b6c6173745f636865636b7c693a313439373837363234383b636172745f6974656d7c613a303a7b7d),
('l5m9j3e6242aostop8rg0agalmuahifk', '::1', 1497885518, 0x5f5f63695f6c6173745f726567656e65726174657c693a313439373838353237373b6964656e746974797c733a31353a2261646d696e4061646d696e2e636f6d223b656d61696c7c733a31353a2261646d696e4061646d696e2e636f6d223b757365725f69647c733a313a2231223b6f6c645f6c6173745f6c6f67696e7c733a31303a2231343937373839363538223b6c6173745f636865636b7c693a313439373837363234383b636172745f6974656d7c613a303a7b7d),
('eu21irt6s4e3mbmvk5smlebb2i7a7g44', '::1', 1497885873, 0x5f5f63695f6c6173745f726567656e65726174657c693a313439373838353630333b6964656e746974797c733a31353a2261646d696e4061646d696e2e636f6d223b656d61696c7c733a31353a2261646d696e4061646d696e2e636f6d223b757365725f69647c733a313a2231223b6f6c645f6c6173745f6c6f67696e7c733a31303a2231343937373839363538223b6c6173745f636865636b7c693a313439373837363234383b636172745f6974656d7c613a303a7b7d),
('i3k0o6sepgo9pfb4hkq6cvclea2it9n5', '::1', 1497886206, 0x5f5f63695f6c6173745f726567656e65726174657c693a313439373838353930363b6964656e746974797c733a31353a2261646d696e4061646d696e2e636f6d223b656d61696c7c733a31353a2261646d696e4061646d696e2e636f6d223b757365725f69647c733a313a2231223b6f6c645f6c6173745f6c6f67696e7c733a31303a2231343937373839363538223b6c6173745f636865636b7c693a313439373837363234383b636172745f6974656d7c613a303a7b7d),
('drubceqqe362vvjjjn8ma24a1u8e4qe4', '::1', 1497886482, 0x5f5f63695f6c6173745f726567656e65726174657c693a313439373838363230383b6964656e746974797c733a31353a2261646d696e4061646d696e2e636f6d223b656d61696c7c733a31353a2261646d696e4061646d696e2e636f6d223b757365725f69647c733a313a2231223b6f6c645f6c6173745f6c6f67696e7c733a31303a2231343937373839363538223b6c6173745f636865636b7c693a313439373837363234383b636172745f6974656d7c613a303a7b7d),
('rol0togb77cts8i1mgjt23539hmvlrep', '::1', 1497886757, 0x5f5f63695f6c6173745f726567656e65726174657c693a313439373838363532313b6964656e746974797c733a31353a2261646d696e4061646d696e2e636f6d223b656d61696c7c733a31353a2261646d696e4061646d696e2e636f6d223b757365725f69647c733a313a2231223b6f6c645f6c6173745f6c6f67696e7c733a31303a2231343937373839363538223b6c6173745f636865636b7c693a313439373837363234383b636172745f6974656d7c613a303a7b7d),
('ahu8ut38s6h4miu11fdvdepu10q737f7', '::1', 1497887043, 0x5f5f63695f6c6173745f726567656e65726174657c693a313439373838363836363b6964656e746974797c733a31353a2261646d696e4061646d696e2e636f6d223b656d61696c7c733a31353a2261646d696e4061646d696e2e636f6d223b757365725f69647c733a313a2231223b6f6c645f6c6173745f6c6f67696e7c733a31303a2231343937373839363538223b6c6173745f636865636b7c693a313439373837363234383b636172745f6974656d7c613a303a7b7d),
('plu2jiqc3lalqsil8s8uaffcs9a708ft', '::1', 1497887505, 0x5f5f63695f6c6173745f726567656e65726174657c693a313439373838373234343b6964656e746974797c733a31353a2261646d696e4061646d696e2e636f6d223b656d61696c7c733a31353a2261646d696e4061646d696e2e636f6d223b757365725f69647c733a313a2231223b6f6c645f6c6173745f6c6f67696e7c733a31303a2231343937373839363538223b6c6173745f636865636b7c693a313439373837363234383b636172745f6974656d7c613a303a7b7d),
('03s324roed6bvbq1lncuqbjks3aljm9m', '::1', 1497887921, 0x5f5f63695f6c6173745f726567656e65726174657c693a313439373838373930323b6964656e746974797c733a31353a2261646d696e4061646d696e2e636f6d223b656d61696c7c733a31353a2261646d696e4061646d696e2e636f6d223b757365725f69647c733a313a2231223b6f6c645f6c6173745f6c6f67696e7c733a31303a2231343937373839363538223b6c6173745f636865636b7c693a313439373837363234383b636172745f6974656d7c613a303a7b7d),
('u0oc92fi7fc6g246aa1vbe6q3kqtsmfl', '::1', 1497888573, 0x5f5f63695f6c6173745f726567656e65726174657c693a313439373838383237353b6964656e746974797c733a31353a2261646d696e4061646d696e2e636f6d223b656d61696c7c733a31353a2261646d696e4061646d696e2e636f6d223b757365725f69647c733a313a2231223b6f6c645f6c6173745f6c6f67696e7c733a31303a2231343937373839363538223b6c6173745f636865636b7c693a313439373837363234383b636172745f6974656d7c613a303a7b7d),
('l8mcafg6sp2ehdn0h19i50a5eiflo8ig', '::1', 1497888581, 0x5f5f63695f6c6173745f726567656e65726174657c693a313439373838383537373b6964656e746974797c733a31353a2261646d696e4061646d696e2e636f6d223b656d61696c7c733a31353a2261646d696e4061646d696e2e636f6d223b757365725f69647c733a313a2231223b6f6c645f6c6173745f6c6f67696e7c733a31303a2231343937373839363538223b6c6173745f636865636b7c693a313439373837363234383b636172745f6974656d7c613a303a7b7d),
('6177d45n4dhcre08c4f7d0dgo8bg0ssc', '::1', 1497889180, 0x5f5f63695f6c6173745f726567656e65726174657c693a313439373838383839383b6964656e746974797c733a31353a2261646d696e4061646d696e2e636f6d223b656d61696c7c733a31353a2261646d696e4061646d696e2e636f6d223b757365725f69647c733a313a2231223b6f6c645f6c6173745f6c6f67696e7c733a31303a2231343937373839363538223b6c6173745f636865636b7c693a313439373837363234383b636172745f6974656d7c613a313a7b693a303b613a383a7b733a31303a2270726f647563745f6964223b733a313a2231223b733a31323a2270726f647563745f6e616d65223b733a35383a22e0b881e0b8a3e0b8ade0b887e0b899e0b989e0b8b3e0b8a1e0b8b1e0b899e0b980e0b884e0b8a3e0b8b7e0b988e0b8ade0b88720535452414441223b733a383a227175616e74697479223b733a3131373a223c696e70757420747970653d276e756d626572272070726f647563745f69643d27312720636c6173733d277175616e74697479272076616c75653d2731275c3e3c696e70757420747970653d2768696464656e2720636c6173733d277175616e746974795f315f70272076616c75653d2731275c3e223b733a31303a226e5f7175616e74697479223b733a313a2231223b733a32313a2270726f647563745f70726963655f73656c6c696e67223b733a353a223238353035223b733a363a22616d6f756e74223b733a37313a223c696e70757420747970653d276e756d6265722720636c6173733d27616d6f756e74272076616c75653d273238353035275c20726561646f6e6c793d27726561646f6e6c79273e223b733a383a226e5f616d6f756e74223b693a32383530353b733a363a22616374696f6e223b733a3231383a223c6120636c6173733d2762746e2062746e2d696e666f2062746e2d736d2720687265663d276a6176617363726970743a6164645f6361727428312c31293b273e3c6920636c6173733d2766612d6677206661202066612d6172726f772d7570273e3c2f693e3c2f613e203c6120636c6173733d2762746e2062746e2d7761726e696e672062746e2d736d2720687265663d276a6176617363726970743a6164645f6361727428312c2d31293b273e3c6920636c6173733d2766612d6677206661202066612d6172726f772d646f776e273e3c2f693e3c2f613e20223b7d7d),
('ap25neh7bdbq32i0dlges709neect4fg', '::1', 1497889518, 0x5f5f63695f6c6173745f726567656e65726174657c693a313439373838393231383b6964656e746974797c733a31353a2261646d696e4061646d696e2e636f6d223b656d61696c7c733a31353a2261646d696e4061646d696e2e636f6d223b757365725f69647c733a313a2231223b6f6c645f6c6173745f6c6f67696e7c733a31303a2231343937373839363538223b6c6173745f636865636b7c693a313439373837363234383b636172745f6974656d7c613a313a7b693a303b613a383a7b733a31303a2270726f647563745f6964223b733a313a2231223b733a31323a2270726f647563745f6e616d65223b733a35383a22e0b881e0b8a3e0b8ade0b887e0b899e0b989e0b8b3e0b8a1e0b8b1e0b899e0b980e0b884e0b8a3e0b8b7e0b988e0b8ade0b88720535452414441223b733a383a227175616e74697479223b733a3131373a223c696e70757420747970653d276e756d626572272070726f647563745f69643d27312720636c6173733d277175616e74697479272076616c75653d2731275c3e3c696e70757420747970653d2768696464656e2720636c6173733d277175616e746974795f315f70272076616c75653d2731275c3e223b733a31303a226e5f7175616e74697479223b733a313a2231223b733a32313a2270726f647563745f70726963655f73656c6c696e67223b733a353a223238353035223b733a363a22616d6f756e74223b733a37313a223c696e70757420747970653d276e756d6265722720636c6173733d27616d6f756e74272076616c75653d273238353035275c20726561646f6e6c793d27726561646f6e6c79273e223b733a383a226e5f616d6f756e74223b693a32383530353b733a363a22616374696f6e223b733a3231383a223c6120636c6173733d2762746e2062746e2d696e666f2062746e2d736d2720687265663d276a6176617363726970743a6164645f6361727428312c31293b273e3c6920636c6173733d2766612d6677206661202066612d6172726f772d7570273e3c2f693e3c2f613e203c6120636c6173733d2762746e2062746e2d7761726e696e672062746e2d736d2720687265663d276a6176617363726970743a6164645f6361727428312c2d31293b273e3c6920636c6173733d2766612d6677206661202066612d6172726f772d646f776e273e3c2f693e3c2f613e20223b7d7d);
INSERT INTO `sessions` (`id`, `ip_address`, `timestamp`, `data`) VALUES
('lps1k8me69i6v5l65vjlg1n45364usa1', '::1', 1497889529, 0x5f5f63695f6c6173745f726567656e65726174657c693a313439373838393532323b6964656e746974797c733a31353a2261646d696e4061646d696e2e636f6d223b656d61696c7c733a31353a2261646d696e4061646d696e2e636f6d223b757365725f69647c733a313a2231223b6f6c645f6c6173745f6c6f67696e7c733a31303a2231343937373839363538223b6c6173745f636865636b7c693a313439373837363234383b636172745f6974656d7c613a313a7b693a303b613a383a7b733a31303a2270726f647563745f6964223b733a313a2231223b733a31323a2270726f647563745f6e616d65223b733a35383a22e0b881e0b8a3e0b8ade0b887e0b899e0b989e0b8b3e0b8a1e0b8b1e0b899e0b980e0b884e0b8a3e0b8b7e0b988e0b8ade0b88720535452414441223b733a383a227175616e74697479223b733a3131373a223c696e70757420747970653d276e756d626572272070726f647563745f69643d27312720636c6173733d277175616e74697479272076616c75653d2731275c3e3c696e70757420747970653d2768696464656e2720636c6173733d277175616e746974795f315f70272076616c75653d2731275c3e223b733a31303a226e5f7175616e74697479223b733a313a2231223b733a32313a2270726f647563745f70726963655f73656c6c696e67223b733a353a223238353035223b733a363a22616d6f756e74223b733a37313a223c696e70757420747970653d276e756d6265722720636c6173733d27616d6f756e74272076616c75653d273238353035275c20726561646f6e6c793d27726561646f6e6c79273e223b733a383a226e5f616d6f756e74223b693a32383530353b733a363a22616374696f6e223b733a3231383a223c6120636c6173733d2762746e2062746e2d696e666f2062746e2d736d2720687265663d276a6176617363726970743a6164645f6361727428312c31293b273e3c6920636c6173733d2766612d6677206661202066612d6172726f772d7570273e3c2f693e3c2f613e203c6120636c6173733d2762746e2062746e2d7761726e696e672062746e2d736d2720687265663d276a6176617363726970743a6164645f6361727428312c2d31293b273e3c6920636c6173733d2766612d6677206661202066612d6172726f772d646f776e273e3c2f693e3c2f613e20223b7d7d),
('n5gufr6mug3cbr7dkb1cl1frl2pg4ffu', '::1', 1497889960, 0x5f5f63695f6c6173745f726567656e65726174657c693a313439373838393936303b6964656e746974797c733a31353a2261646d696e4061646d696e2e636f6d223b656d61696c7c733a31353a2261646d696e4061646d696e2e636f6d223b757365725f69647c733a313a2231223b6f6c645f6c6173745f6c6f67696e7c733a31303a2231343937373839363538223b6c6173745f636865636b7c693a313439373837363234383b636172745f6974656d7c613a313a7b693a303b613a383a7b733a31303a2270726f647563745f6964223b733a313a2231223b733a31323a2270726f647563745f6e616d65223b733a35383a22e0b881e0b8a3e0b8ade0b887e0b899e0b989e0b8b3e0b8a1e0b8b1e0b899e0b980e0b884e0b8a3e0b8b7e0b988e0b8ade0b88720535452414441223b733a383a227175616e74697479223b733a3131373a223c696e70757420747970653d276e756d626572272070726f647563745f69643d27312720636c6173733d277175616e74697479272076616c75653d2731275c3e3c696e70757420747970653d2768696464656e2720636c6173733d277175616e746974795f315f70272076616c75653d2731275c3e223b733a31303a226e5f7175616e74697479223b733a313a2231223b733a32313a2270726f647563745f70726963655f73656c6c696e67223b733a353a223238353035223b733a363a22616d6f756e74223b733a37313a223c696e70757420747970653d276e756d6265722720636c6173733d27616d6f756e74272076616c75653d273238353035275c20726561646f6e6c793d27726561646f6e6c79273e223b733a383a226e5f616d6f756e74223b693a32383530353b733a363a22616374696f6e223b733a3231383a223c6120636c6173733d2762746e2062746e2d696e666f2062746e2d736d2720687265663d276a6176617363726970743a6164645f6361727428312c31293b273e3c6920636c6173733d2766612d6677206661202066612d6172726f772d7570273e3c2f693e3c2f613e203c6120636c6173733d2762746e2062746e2d7761726e696e672062746e2d736d2720687265663d276a6176617363726970743a6164645f6361727428312c2d31293b273e3c6920636c6173733d2766612d6677206661202066612d6172726f772d646f776e273e3c2f693e3c2f613e20223b7d7d),
('u62rh02ldh8navqk7hon0qa132fkbnlu', '::1', 1497890285, 0x5f5f63695f6c6173745f726567656e65726174657c693a313439373839303238353b6964656e746974797c733a31353a2261646d696e4061646d696e2e636f6d223b656d61696c7c733a31353a2261646d696e4061646d696e2e636f6d223b757365725f69647c733a313a2231223b6f6c645f6c6173745f6c6f67696e7c733a31303a2231343937373839363538223b6c6173745f636865636b7c693a313439373837363234383b636172745f6974656d7c613a313a7b693a303b613a383a7b733a31303a2270726f647563745f6964223b733a313a2231223b733a31323a2270726f647563745f6e616d65223b733a35383a22e0b881e0b8a3e0b8ade0b887e0b899e0b989e0b8b3e0b8a1e0b8b1e0b899e0b980e0b884e0b8a3e0b8b7e0b988e0b8ade0b88720535452414441223b733a383a227175616e74697479223b733a3131373a223c696e70757420747970653d276e756d626572272070726f647563745f69643d27312720636c6173733d277175616e74697479272076616c75653d2731275c3e3c696e70757420747970653d2768696464656e2720636c6173733d277175616e746974795f315f70272076616c75653d2731275c3e223b733a31303a226e5f7175616e74697479223b733a313a2231223b733a32313a2270726f647563745f70726963655f73656c6c696e67223b733a353a223238353035223b733a363a22616d6f756e74223b733a37313a223c696e70757420747970653d276e756d6265722720636c6173733d27616d6f756e74272076616c75653d273238353035275c20726561646f6e6c793d27726561646f6e6c79273e223b733a383a226e5f616d6f756e74223b693a32383530353b733a363a22616374696f6e223b733a3231383a223c6120636c6173733d2762746e2062746e2d696e666f2062746e2d736d2720687265663d276a6176617363726970743a6164645f6361727428312c31293b273e3c6920636c6173733d2766612d6677206661202066612d6172726f772d7570273e3c2f693e3c2f613e203c6120636c6173733d2762746e2062746e2d7761726e696e672062746e2d736d2720687265663d276a6176617363726970743a6164645f6361727428312c2d31293b273e3c6920636c6173733d2766612d6677206661202066612d6172726f772d646f776e273e3c2f693e3c2f613e20223b7d7d),
('dg12i5jj4q8lcjf96hfph82ik2mlbsg2', '::1', 1497890980, 0x5f5f63695f6c6173745f726567656e65726174657c693a313439373839303731323b6964656e746974797c733a31353a2261646d696e4061646d696e2e636f6d223b656d61696c7c733a31353a2261646d696e4061646d696e2e636f6d223b757365725f69647c733a313a2231223b6f6c645f6c6173745f6c6f67696e7c733a31303a2231343937373839363538223b6c6173745f636865636b7c693a313439373837363234383b636172745f6974656d7c613a313a7b693a303b613a383a7b733a31303a2270726f647563745f6964223b733a313a2231223b733a31323a2270726f647563745f6e616d65223b733a35383a22e0b881e0b8a3e0b8ade0b887e0b899e0b989e0b8b3e0b8a1e0b8b1e0b899e0b980e0b884e0b8a3e0b8b7e0b988e0b8ade0b88720535452414441223b733a383a227175616e74697479223b733a3131373a223c696e70757420747970653d276e756d626572272070726f647563745f69643d27312720636c6173733d277175616e74697479272076616c75653d2731275c3e3c696e70757420747970653d2768696464656e2720636c6173733d277175616e746974795f315f70272076616c75653d2731275c3e223b733a31303a226e5f7175616e74697479223b733a313a2231223b733a32313a2270726f647563745f70726963655f73656c6c696e67223b733a353a223238353035223b733a363a22616d6f756e74223b733a37313a223c696e70757420747970653d276e756d6265722720636c6173733d27616d6f756e74272076616c75653d273238353035275c20726561646f6e6c793d27726561646f6e6c79273e223b733a383a226e5f616d6f756e74223b693a32383530353b733a363a22616374696f6e223b733a3231383a223c6120636c6173733d2762746e2062746e2d696e666f2062746e2d736d2720687265663d276a6176617363726970743a6164645f6361727428312c31293b273e3c6920636c6173733d2766612d6677206661202066612d6172726f772d7570273e3c2f693e3c2f613e203c6120636c6173733d2762746e2062746e2d7761726e696e672062746e2d736d2720687265663d276a6176617363726970743a6164645f6361727428312c2d31293b273e3c6920636c6173733d2766612d6677206661202066612d6172726f772d646f776e273e3c2f693e3c2f613e20223b7d7d),
('5tgvh1a67b8294poei5qg0jbujjraudf', '::1', 1497891258, 0x5f5f63695f6c6173745f726567656e65726174657c693a313439373839313031373b6964656e746974797c733a31353a2261646d696e4061646d696e2e636f6d223b656d61696c7c733a31353a2261646d696e4061646d696e2e636f6d223b757365725f69647c733a313a2231223b6f6c645f6c6173745f6c6f67696e7c733a31303a2231343937373839363538223b6c6173745f636865636b7c693a313439373837363234383b636172745f6974656d7c613a313a7b693a303b613a383a7b733a31303a2270726f647563745f6964223b733a313a2231223b733a31323a2270726f647563745f6e616d65223b733a35383a22e0b881e0b8a3e0b8ade0b887e0b899e0b989e0b8b3e0b8a1e0b8b1e0b899e0b980e0b884e0b8a3e0b8b7e0b988e0b8ade0b88720535452414441223b733a383a227175616e74697479223b733a3131373a223c696e70757420747970653d276e756d626572272070726f647563745f69643d27312720636c6173733d277175616e74697479272076616c75653d2731275c3e3c696e70757420747970653d2768696464656e2720636c6173733d277175616e746974795f315f70272076616c75653d2731275c3e223b733a31303a226e5f7175616e74697479223b733a313a2231223b733a32313a2270726f647563745f70726963655f73656c6c696e67223b733a353a223238353035223b733a363a22616d6f756e74223b733a37313a223c696e70757420747970653d276e756d6265722720636c6173733d27616d6f756e74272076616c75653d273238353035275c20726561646f6e6c793d27726561646f6e6c79273e223b733a383a226e5f616d6f756e74223b693a32383530353b733a363a22616374696f6e223b733a3231383a223c6120636c6173733d2762746e2062746e2d696e666f2062746e2d736d2720687265663d276a6176617363726970743a6164645f6361727428312c31293b273e3c6920636c6173733d2766612d6677206661202066612d6172726f772d7570273e3c2f693e3c2f613e203c6120636c6173733d2762746e2062746e2d7761726e696e672062746e2d736d2720687265663d276a6176617363726970743a6164645f6361727428312c2d31293b273e3c6920636c6173733d2766612d6677206661202066612d6172726f772d646f776e273e3c2f693e3c2f613e20223b7d7d),
('dpg3fgr5b2tshed0fbdiqjl18aa0ad73', '::1', 1497891407, 0x5f5f63695f6c6173745f726567656e65726174657c693a313439373839313336363b6964656e746974797c733a31353a2261646d696e4061646d696e2e636f6d223b656d61696c7c733a31353a2261646d696e4061646d696e2e636f6d223b757365725f69647c733a313a2231223b6f6c645f6c6173745f6c6f67696e7c733a31303a2231343937373839363538223b6c6173745f636865636b7c693a313439373837363234383b636172745f6974656d7c613a313a7b693a303b613a383a7b733a31303a2270726f647563745f6964223b733a313a2231223b733a31323a2270726f647563745f6e616d65223b733a35383a22e0b881e0b8a3e0b8ade0b887e0b899e0b989e0b8b3e0b8a1e0b8b1e0b899e0b980e0b884e0b8a3e0b8b7e0b988e0b8ade0b88720535452414441223b733a383a227175616e74697479223b733a3131373a223c696e70757420747970653d276e756d626572272070726f647563745f69643d27312720636c6173733d277175616e74697479272076616c75653d2731275c3e3c696e70757420747970653d2768696464656e2720636c6173733d277175616e746974795f315f70272076616c75653d2731275c3e223b733a31303a226e5f7175616e74697479223b733a313a2231223b733a32313a2270726f647563745f70726963655f73656c6c696e67223b733a353a223238353035223b733a363a22616d6f756e74223b733a37313a223c696e70757420747970653d276e756d6265722720636c6173733d27616d6f756e74272076616c75653d273238353035275c20726561646f6e6c793d27726561646f6e6c79273e223b733a383a226e5f616d6f756e74223b693a32383530353b733a363a22616374696f6e223b733a3231383a223c6120636c6173733d2762746e2062746e2d696e666f2062746e2d736d2720687265663d276a6176617363726970743a6164645f6361727428312c31293b273e3c6920636c6173733d2766612d6677206661202066612d6172726f772d7570273e3c2f693e3c2f613e203c6120636c6173733d2762746e2062746e2d7761726e696e672062746e2d736d2720687265663d276a6176617363726970743a6164645f6361727428312c2d31293b273e3c6920636c6173733d2766612d6677206661202066612d6172726f772d646f776e273e3c2f693e3c2f613e20223b7d7d);

-- --------------------------------------------------------

--
-- Table structure for table `stock`
--

DROP TABLE IF EXISTS `stock`;
CREATE TABLE `stock` (
  `stock_id` int(11) NOT NULL,
  `branchs_id` int(11) NOT NULL,
  `product_id` int(11) NOT NULL,
  `stock_qty_ori` int(11) NOT NULL DEFAULT '0',
  `stock_qty_remaining` int(11) NOT NULL,
  `active` tinyint(1) NOT NULL DEFAULT '1',
  `created_by` int(11) NOT NULL,
  `created_at` datetime NOT NULL,
  `updated_by` int(11) NOT NULL,
  `updated_at` datetime NOT NULL
) ENGINE=InnoDB DEFAULT CHARSET=utf8;

--
-- Dumping data for table `stock`
--

INSERT INTO `stock` (`stock_id`, `branchs_id`, `product_id`, `stock_qty_ori`, `stock_qty_remaining`, `active`, `created_by`, `created_at`, `updated_by`, `updated_at`) VALUES
(3, 1, 1, 220, 216, 1, 1, '2017-06-19 15:49:11', 1, '2017-06-19 18:15:27'),
(4, 2, 2, 53, 53, 1, 1, '2017-06-19 16:22:35', 1, '2017-06-19 17:49:07');

-- --------------------------------------------------------

--
-- Table structure for table `users`
--

DROP TABLE IF EXISTS `users`;
CREATE TABLE `users` (
  `id` int(11) UNSIGNED NOT NULL,
  `ip_address` varchar(45) NOT NULL,
  `username` varchar(100) DEFAULT NULL,
  `password` varchar(255) NOT NULL,
  `salt` varchar(255) DEFAULT NULL,
  `email` varchar(100) NOT NULL,
  `activation_code` varchar(40) DEFAULT NULL,
  `forgotten_password_code` varchar(40) DEFAULT NULL,
  `forgotten_password_time` int(11) UNSIGNED DEFAULT NULL,
  `remember_code` varchar(40) DEFAULT NULL,
  `created_on` int(11) UNSIGNED NOT NULL,
  `last_login` int(11) UNSIGNED DEFAULT NULL,
  `active` tinyint(1) UNSIGNED DEFAULT NULL,
  `first_name` varchar(50) DEFAULT NULL,
  `last_name` varchar(50) DEFAULT NULL,
  `company` varchar(100) DEFAULT NULL,
  `branch` varchar(100) DEFAULT NULL,
  `phone` varchar(20) DEFAULT NULL
) ENGINE=InnoDB DEFAULT CHARSET=utf8;

--
-- Dumping data for table `users`
--

INSERT INTO `users` (`id`, `ip_address`, `username`, `password`, `salt`, `email`, `activation_code`, `forgotten_password_code`, `forgotten_password_time`, `remember_code`, `created_on`, `last_login`, `active`, `first_name`, `last_name`, `company`, `branch`, `phone`) VALUES
(1, '127.0.0.1', 'administrator', '$2a$07$SeBknntpZror9uyftVopmu61qg0ms8Qv1yV6FG.kQOSM.9QhmTo36', '', 'admin@admin.com', '', 'MEYMvFPJzK9kcLEdqqMhwu0b6142ac9bc3b69fb1', 1495649960, NULL, 1268889823, 1497876248, 1, 'Admin', 'istrator', 'ADMIN', '1', '0'),
(2, '::1', 'ad2@ad.com', '$2y$08$/wakpgz4qSUwlLVnPqLmLeEC38WxnnGf/m8wFF2ior262H0TnUvm2', NULL, 'ad2@ad.com', NULL, NULL, NULL, NULL, 1497202309, NULL, 1, 'sss', 'jj', NULL, '1', 'jjj');

-- --------------------------------------------------------

--
-- Table structure for table `users_groups`
--

DROP TABLE IF EXISTS `users_groups`;
CREATE TABLE `users_groups` (
  `id` int(11) UNSIGNED NOT NULL,
  `user_id` int(11) UNSIGNED NOT NULL,
  `group_id` mediumint(8) UNSIGNED NOT NULL
) ENGINE=InnoDB DEFAULT CHARSET=utf8;

--
-- Dumping data for table `users_groups`
--

INSERT INTO `users_groups` (`id`, `user_id`, `group_id`) VALUES
(1, 1, 1),
(2, 1, 2),
(3, 2, 2);

--
-- Indexes for dumped tables
--

--
-- Indexes for table `branchs`
--
ALTER TABLE `branchs`
  ADD PRIMARY KEY (`id`);

--
-- Indexes for table `category`
--
ALTER TABLE `category`
  ADD PRIMARY KEY (`cat_id`);

--
-- Indexes for table `groups`
--
ALTER TABLE `groups`
  ADD PRIMARY KEY (`id`);

--
-- Indexes for table `login_attempts`
--
ALTER TABLE `login_attempts`
  ADD PRIMARY KEY (`id`);

--
-- Indexes for table `options`
--
ALTER TABLE `options`
  ADD PRIMARY KEY (`option_id`),
  ADD UNIQUE KEY `option_name` (`option_name`);

--
-- Indexes for table `products`
--
ALTER TABLE `products`
  ADD PRIMARY KEY (`product_id`),
  ADD UNIQUE KEY `product_code` (`product_code`);

--
-- Indexes for table `reason`
--
ALTER TABLE `reason`
  ADD PRIMARY KEY (`reason_id`);

--
-- Indexes for table `sale_order`
--
ALTER TABLE `sale_order`
  ADD PRIMARY KEY (`order_no`);

--
-- Indexes for table `sale_order_item`
--
ALTER TABLE `sale_order_item`
  ADD PRIMARY KEY (`order_no`,`product_id`);

--
-- Indexes for table `sessions`
--
ALTER TABLE `sessions`
  ADD KEY `ci_sessions_timestamp` (`timestamp`);

--
-- Indexes for table `stock`
--
ALTER TABLE `stock`
  ADD PRIMARY KEY (`stock_id`),
  ADD UNIQUE KEY `branchs_id` (`branchs_id`,`product_id`);

--
-- Indexes for table `users`
--
ALTER TABLE `users`
  ADD PRIMARY KEY (`id`);

--
-- Indexes for table `users_groups`
--
ALTER TABLE `users_groups`
  ADD PRIMARY KEY (`id`),
  ADD UNIQUE KEY `uc_users_groups` (`user_id`,`group_id`),
  ADD KEY `fk_users_groups_users1_idx` (`user_id`),
  ADD KEY `fk_users_groups_groups1_idx` (`group_id`);

--
-- AUTO_INCREMENT for dumped tables
--

--
-- AUTO_INCREMENT for table `groups`
--
ALTER TABLE `groups`
  MODIFY `id` mediumint(8) UNSIGNED NOT NULL AUTO_INCREMENT, AUTO_INCREMENT=3;
--
-- AUTO_INCREMENT for table `login_attempts`
--
ALTER TABLE `login_attempts`
  MODIFY `id` int(11) UNSIGNED NOT NULL AUTO_INCREMENT;
--
-- AUTO_INCREMENT for table `options`
--
ALTER TABLE `options`
  MODIFY `option_id` bigint(20) UNSIGNED NOT NULL AUTO_INCREMENT, AUTO_INCREMENT=3;
--
-- AUTO_INCREMENT for table `products`
--
ALTER TABLE `products`
  MODIFY `product_id` int(11) UNSIGNED NOT NULL AUTO_INCREMENT, AUTO_INCREMENT=3;
--
-- AUTO_INCREMENT for table `stock`
--
ALTER TABLE `stock`
  MODIFY `stock_id` int(11) NOT NULL AUTO_INCREMENT, AUTO_INCREMENT=5;
--
-- AUTO_INCREMENT for table `users`
--
ALTER TABLE `users`
  MODIFY `id` int(11) UNSIGNED NOT NULL AUTO_INCREMENT, AUTO_INCREMENT=3;
--
-- AUTO_INCREMENT for table `users_groups`
--
ALTER TABLE `users_groups`
  MODIFY `id` int(11) UNSIGNED NOT NULL AUTO_INCREMENT, AUTO_INCREMENT=4;
--
-- Constraints for dumped tables
--

--
-- Constraints for table `users_groups`
--
ALTER TABLE `users_groups`
  ADD CONSTRAINT `fk_users_groups_groups1` FOREIGN KEY (`group_id`) REFERENCES `groups` (`id`) ON DELETE CASCADE ON UPDATE NO ACTION,
  ADD CONSTRAINT `fk_users_groups_users1` FOREIGN KEY (`user_id`) REFERENCES `users` (`id`) ON DELETE CASCADE ON UPDATE NO ACTION;

/*!40101 SET CHARACTER_SET_CLIENT=@OLD_CHARACTER_SET_CLIENT */;
/*!40101 SET CHARACTER_SET_RESULTS=@OLD_CHARACTER_SET_RESULTS */;
/*!40101 SET COLLATION_CONNECTION=@OLD_COLLATION_CONNECTION */;
