-- phpMyAdmin SQL Dump
-- version 4.0.10deb1
-- http://www.phpmyadmin.net
--
-- Host: localhost
-- Generation Time: Jun 19, 2017 at 08:05 AM
-- Server version: 5.5.38-0ubuntu0.14.04.1
-- PHP Version: 5.5.9-1ubuntu4.5

SET SQL_MODE = "NO_AUTO_VALUE_ON_ZERO";
SET time_zone = "+00:00";


/*!40101 SET @OLD_CHARACTER_SET_CLIENT=@@CHARACTER_SET_CLIENT */;
/*!40101 SET @OLD_CHARACTER_SET_RESULTS=@@CHARACTER_SET_RESULTS */;
/*!40101 SET @OLD_COLLATION_CONNECTION=@@COLLATION_CONNECTION */;
/*!40101 SET NAMES utf8 */;

--
-- Database: `stock`
--

-- --------------------------------------------------------

--
-- Table structure for table `branchs`
--

DROP TABLE IF EXISTS `branchs`;
CREATE TABLE IF NOT EXISTS `branchs` (
  `id` int(11) unsigned NOT NULL COMMENT 'auto',
  `name` varchar(250) DEFAULT NULL,
  `email` varchar(200) DEFAULT NULL,
  `address` text,
  `phone` text,
  `mobile` text,
  `logo_path` text,
  `pm_set` int(11) DEFAULT NULL,
  `active` tinyint(1) DEFAULT '1',
  `created_at` datetime DEFAULT NULL,
  `updated_at` datetime DEFAULT NULL,
  `deleted_at` datetime DEFAULT NULL,
  `created_by` int(11) DEFAULT NULL,
  `updated_by` int(11) DEFAULT NULL,
  `deleted_by` int(11) DEFAULT NULL,
  PRIMARY KEY (`id`)
) ENGINE=InnoDB DEFAULT CHARSET=utf8;

--
-- Dumping data for table `branchs`
--

INSERT INTO `branchs` (`id`, `name`, `email`, `address`, `phone`, `mobile`, `logo_path`, `pm_set`, `active`, `created_at`, `updated_at`, `deleted_at`, `created_by`, `updated_by`, `deleted_by`) VALUES
(1, 'Test Branch', 'Branch@Branch.com', '333/3 ถนนวิภาวดีรังสิต แขวงจอมพล เขตจตุจักร กรุงเทพมหานคร', '02-033-9998', '02-033-9997', NULL, NULL, 0, '2017-06-07 00:00:00', '2017-06-07 12:08:18', NULL, 1, 1, NULL),
(2, 'การไฟฟ้านครหลวง', 'webmaster@mea.or.th', 'เลขที่ 30 ซอยชิดลม ถนนเพลินจิต แขวงลุมพินี เขตปทุมวัน กรุงเทพมหานคร 10330', '', '', NULL, NULL, 1, NULL, '2017-06-07 12:14:50', NULL, 1, 1, NULL);

-- --------------------------------------------------------

--
-- Table structure for table `category`
--

DROP TABLE IF EXISTS `category`;
CREATE TABLE IF NOT EXISTS `category` (
  `cat_id` int(11) unsigned NOT NULL,
  `cat_name` varchar(255) DEFAULT NULL,
  `cat_desc` text,
  `parent_cat_id` int(11) DEFAULT NULL,
  `active` tinyint(1) NOT NULL DEFAULT '1',
  `created_at` datetime DEFAULT NULL,
  `updated_at` datetime DEFAULT NULL,
  `deleted_at` datetime DEFAULT NULL,
  `created_by` int(11) DEFAULT NULL,
  `updated_by` int(11) DEFAULT NULL,
  `deleted_by` int(11) DEFAULT NULL,
  PRIMARY KEY (`cat_id`)
) ENGINE=InnoDB DEFAULT CHARSET=utf8;

--
-- Dumping data for table `category`
--

INSERT INTO `category` (`cat_id`, `cat_name`, `cat_desc`, `parent_cat_id`, `active`, `created_at`, `updated_at`, `deleted_at`, `created_by`, `updated_by`, `deleted_by`) VALUES
(1, 'PWT', 'PWT', NULL, 1, '2017-06-06 00:00:00', '2017-06-06 00:00:00', NULL, 1, 1, NULL),
(2, 'CIMC', 'CIMC', NULL, 1, '2017-06-06 00:00:00', '2017-06-06 00:00:00', NULL, 1, 1, NULL),
(3, 'YORK', 'YORK', NULL, 1, '2017-06-06 00:00:00', '2017-06-06 00:00:00', NULL, 1, 1, NULL),
(4, 'CW-TEST', 'CW-TEST Description', NULL, 0, '2017-06-06 15:50:15', '2017-06-06 15:50:15', NULL, 1, 1, NULL),
(5, 'CW-TEST2', 'CW-TEST2 Description Edited 2', NULL, 0, '2017-06-06 15:50:34', '2017-06-07 10:05:01', NULL, 1, 1, NULL);

-- --------------------------------------------------------

--
-- Table structure for table `groups`
--

DROP TABLE IF EXISTS `groups`;
CREATE TABLE IF NOT EXISTS `groups` (
  `id` mediumint(8) unsigned NOT NULL AUTO_INCREMENT,
  `name` varchar(20) NOT NULL,
  `description` varchar(100) NOT NULL,
  PRIMARY KEY (`id`)
) ENGINE=InnoDB  DEFAULT CHARSET=utf8 AUTO_INCREMENT=3 ;

--
-- Dumping data for table `groups`
--

INSERT INTO `groups` (`id`, `name`, `description`) VALUES
(1, 'admin', 'Administrator'),
(2, 'members', 'General User');

-- --------------------------------------------------------

--
-- Table structure for table `login_attempts`
--

DROP TABLE IF EXISTS `login_attempts`;
CREATE TABLE IF NOT EXISTS `login_attempts` (
  `id` int(11) unsigned NOT NULL AUTO_INCREMENT,
  `ip_address` varchar(15) NOT NULL,
  `login` varchar(100) NOT NULL,
  `time` int(11) unsigned DEFAULT NULL,
  PRIMARY KEY (`id`)
) ENGINE=InnoDB DEFAULT CHARSET=utf8 AUTO_INCREMENT=1 ;

-- --------------------------------------------------------

--
-- Table structure for table `options`
--

DROP TABLE IF EXISTS `options`;
CREATE TABLE IF NOT EXISTS `options` (
  `option_id` bigint(20) unsigned NOT NULL AUTO_INCREMENT,
  `option_name` varchar(64) NOT NULL DEFAULT '',
  `option_value` longtext NOT NULL,
  `autoload` varchar(20) NOT NULL DEFAULT 'yes',
  PRIMARY KEY (`option_id`),
  UNIQUE KEY `option_name` (`option_name`)
) ENGINE=InnoDB  DEFAULT CHARSET=utf8 AUTO_INCREMENT=3 ;

--
-- Dumping data for table `options`
--

INSERT INTO `options` (`option_id`, `option_name`, `option_value`, `autoload`) VALUES
(1, 'date_format', 'd-M-Y', 'yes'),
(2, 'date_format_js', 'dd-mm-yy', 'yes');

-- --------------------------------------------------------

--
-- Table structure for table `products`
--

DROP TABLE IF EXISTS `products`;
CREATE TABLE IF NOT EXISTS `products` (
  `product_id` int(11) unsigned NOT NULL AUTO_INCREMENT,
  `product_code` varchar(255) NOT NULL,
  `product_name` varchar(255) DEFAULT NULL,
  `product_number` varchar(255) DEFAULT NULL,
  `product_desc` text,
  `product_price_selling` double DEFAULT '0',
  `product_price_purchasing` double DEFAULT '0',
  `product_branch_origin` int(11) unsigned NOT NULL,
  `product_branch_present` int(11) unsigned NOT NULL,
  `cat_id` int(11) unsigned NOT NULL,
  `quantity` int(11) unsigned NOT NULL,
  `parent_product_id` int(11) DEFAULT NULL,
  `active` tinyint(1) NOT NULL DEFAULT '1',
  `created_at` datetime DEFAULT NULL,
  `updated_at` datetime DEFAULT NULL,
  `deleted_at` datetime DEFAULT NULL,
  `created_by` int(11) DEFAULT NULL,
  `updated_by` int(11) DEFAULT NULL,
  `deleted_by` int(11) DEFAULT NULL,
  PRIMARY KEY (`product_id`),
  UNIQUE KEY `product_code` (`product_code`)
) ENGINE=InnoDB  DEFAULT CHARSET=utf8 AUTO_INCREMENT=3 ;

--
-- Dumping data for table `products`
--

INSERT INTO `products` (`product_id`, `product_code`, `product_name`, `product_number`, `product_desc`, `product_price_selling`, `product_price_purchasing`, `product_branch_origin`, `product_branch_present`, `cat_id`, `quantity`, `parent_product_id`, `active`, `created_at`, `updated_at`, `deleted_at`, `created_by`, `updated_by`, `deleted_by`) VALUES
(1, 'AS001', 'กรองน้ำมันเครื่อง STRADA', NULL, 'กรองน้ำมันเครื่อง STRADA	MD326489', 28505, 23094, 0, 0, 1, 50, NULL, 1, NULL, NULL, NULL, 1, 1, NULL),
(2, 'AS002', 'กระจกมองข้างขวา-เลย์', NULL, 'กระจกมองข้างขวา-เลย์	1-71798422-0', 570, 500, 0, 0, 1, 200, NULL, 1, NULL, NULL, NULL, 1, 1, NULL);

-- --------------------------------------------------------

--
-- Table structure for table `product_conditions`
--

DROP TABLE IF EXISTS `product_conditions`;
CREATE TABLE IF NOT EXISTS `product_conditions` (
  `product_id` int(11) unsigned NOT NULL,
  `quantity_min` int(11) unsigned NOT NULL,
  `quantity_max` int(11) unsigned NOT NULL
) ENGINE=InnoDB DEFAULT CHARSET=utf8;

-- --------------------------------------------------------

--
-- Table structure for table `product_images`
--

DROP TABLE IF EXISTS `product_images`;
CREATE TABLE IF NOT EXISTS `product_images` (
  `image_id` int(11) unsigned NOT NULL,
  `image_desc` text,
  `image_name` varchar(255) DEFAULT NULL,
  `image_data` text,
  `image_path` text,
  `product_id` int(11) NOT NULL,
  `active` tinyint(1) NOT NULL DEFAULT '1',
  `created_at` datetime DEFAULT NULL,
  `updated_at` datetime DEFAULT NULL,
  `deleted_at` datetime DEFAULT NULL,
  `created_by` int(11) DEFAULT NULL,
  `updated_by` int(11) DEFAULT NULL,
  `deleted_by` int(11) DEFAULT NULL
) ENGINE=InnoDB DEFAULT CHARSET=utf8;

-- --------------------------------------------------------

--
-- Table structure for table `reason`
--

DROP TABLE IF EXISTS `reason`;
CREATE TABLE IF NOT EXISTS `reason` (
  `reason_id` int(11) NOT NULL,
  `reason_title` varchar(255) NOT NULL,
  `reason_desc` text,
  `active` tinyint(1) NOT NULL DEFAULT '1',
  `created_at` datetime DEFAULT NULL,
  `updated_at` datetime DEFAULT NULL,
  `deleted_at` datetime DEFAULT NULL,
  `created_by` int(11) DEFAULT NULL,
  `updated_by` int(11) DEFAULT NULL,
  `deleted_by` int(11) DEFAULT NULL,
  PRIMARY KEY (`reason_id`)
) ENGINE=InnoDB DEFAULT CHARSET=utf8;

--
-- Dumping data for table `reason`
--

INSERT INTO `reason` (`reason_id`, `reason_title`, `reason_desc`, `active`, `created_at`, `updated_at`, `deleted_at`, `created_by`, `updated_by`, `deleted_by`) VALUES
(1, 'ตัด Stock2', 'ตัด Stock desc 2', 1, '0000-00-00 00:00:00', '2017-06-07 12:40:09', NULL, 1, 1, NULL);

-- --------------------------------------------------------

--
-- Table structure for table `sale_order`
--

DROP TABLE IF EXISTS `sale_order`;
CREATE TABLE IF NOT EXISTS `sale_order` (
  `order_no` varchar(15) NOT NULL,
  `order_subtotal` double NOT NULL,
  `order_discount` double NOT NULL,
  `order_tax` double NOT NULL,
  `order_total` double NOT NULL,
  `reason_id` int(11) NOT NULL,
  `branchs_id` int(11) NOT NULL,
  `order_ship_name` varchar(255) DEFAULT NULL,
  `order_ship_tel` varchar(20) DEFAULT NULL,
  `order_ship_address` text,
  `order_billing_name` varchar(255) DEFAULT NULL,
  `order_billing_tel` varchar(20) DEFAULT NULL,
  `order_billing_address` text,
  `order_desc` text,
  `order_remark` text NOT NULL,
  `order_status` varchar(1) NOT NULL COMMENT '''A'' = Approved, ''W'' = Wait for Approve, ''R'' = Reject, ''C'' = Cancel',
  `active` tinyint(1) NOT NULL DEFAULT '1',
  `created_at` datetime NOT NULL,
  `created_by` int(11) NOT NULL,
  `updated_at` datetime NOT NULL,
  `updated_by` int(11) NOT NULL,
  PRIMARY KEY (`order_no`)
) ENGINE=InnoDB DEFAULT CHARSET=utf8;

--
-- Dumping data for table `sale_order`
--

INSERT INTO `sale_order` (`order_no`, `order_subtotal`, `order_discount`, `order_tax`, `order_total`, `reason_id`, `branchs_id`, `order_ship_name`, `order_ship_tel`, `order_ship_address`, `order_billing_name`, `order_billing_tel`, `order_billing_address`, `order_desc`, `order_remark`, `order_status`, `active`, `created_at`, `created_by`, `updated_at`, `updated_by`) VALUES
('OD20170618-4826', 30215, 215, 7, 27900, 0, 0, NULL, NULL, NULL, NULL, NULL, NULL, NULL, 'กรุณาระบุเหตุผลทุกครั้ง', 'A', 1, '2017-06-18 14:46:48', 1, '2017-06-18 14:46:48', 1),
('OD20170618-6364', 59290, 95, 7, 55051.35, 0, 0, NULL, NULL, NULL, NULL, NULL, NULL, NULL, 'กรุณาระบุเหตุผลทุกครั้ง', 'R', 1, '2017-06-18 13:22:15', 1, '2017-06-18 13:22:15', 1),
('OD20170618-7924', 30215, 6, 7, 28094.37, 0, 0, 's', NULL, 'sa', 'b', NULL, 'ba', NULL, 'remark', 'W', 1, '2017-06-18 17:58:36', 1, '2017-06-18 17:58:36', 1),
('OD20170619-1671', 57580, 100, 7, 53456.4, 0, 0, 'IT CITY Public Company Limited', NULL, '640/101 Phetchaburi 22 Alley, Khwaeng Thanon Phetchaburi, Khet Ratchathewi, Krung Thep Maha Nakhon 10400', 'IT CITY Public Company Limited', NULL, 'อาคารพันธ์ทิพย์พลาซ่า ห้อง 3115 604/3 Phetchaburi Rd, Thanon Phetchaburi, Khet Ratchathewi, Krung Thep Maha Nakhon 10400', NULL, 'กรุณาระบุเหตุผลทุกครั้ง', 'A', 1, '2017-06-19 02:08:05', 1, '2017-06-19 02:08:05', 1);

-- --------------------------------------------------------

--
-- Table structure for table `sale_order_item`
--

DROP TABLE IF EXISTS `sale_order_item`;
CREATE TABLE IF NOT EXISTS `sale_order_item` (
  `order_no` varchar(15) NOT NULL,
  `product_id` int(11) NOT NULL,
  `unit_price` double NOT NULL,
  `quantity` double NOT NULL,
  `amount` double NOT NULL,
  PRIMARY KEY (`order_no`,`product_id`)
) ENGINE=InnoDB DEFAULT CHARSET=utf8;

--
-- Dumping data for table `sale_order_item`
--

INSERT INTO `sale_order_item` (`order_no`, `product_id`, `unit_price`, `quantity`, `amount`) VALUES
('OD20170618-4826', 1, 28505, 1, 28505),
('OD20170618-4826', 2, 570, 3, 1710),
('OD20170618-6364', 1, 28505, 2, 57010),
('OD20170618-6364', 2, 570, 4, 2280),
('OD20170618-7924', 1, 28505, 1, 28505),
('OD20170618-7924', 2, 570, 3, 1710),
('OD20170619-1671', 1, 28505, 2, 57010),
('OD20170619-1671', 2, 570, 1, 570);

-- --------------------------------------------------------

--
-- Table structure for table `sessions`
--

DROP TABLE IF EXISTS `sessions`;
CREATE TABLE IF NOT EXISTS `sessions` (
  `id` varchar(128) NOT NULL,
  `ip_address` varchar(45) NOT NULL,
  `timestamp` int(10) unsigned NOT NULL DEFAULT '0',
  `data` blob NOT NULL,
  KEY `ci_sessions_timestamp` (`timestamp`)
) ENGINE=InnoDB DEFAULT CHARSET=utf8;

--
-- Dumping data for table `sessions`
--

INSERT INTO `sessions` (`id`, `ip_address`, `timestamp`, `data`) VALUES
('u76plup4pcovsqro2pobovq8fmnj98kv', '127.0.0.1', 1497787759, 0x5f5f63695f6c6173745f726567656e65726174657c693a313439373738373731363b6964656e746974797c733a31353a2261646d696e4061646d696e2e636f6d223b656d61696c7c733a31353a2261646d696e4061646d696e2e636f6d223b757365725f69647c733a313a2231223b6f6c645f6c6173745f6c6f67696e7c733a31303a2231343937373530323533223b6c6173745f636865636b7c693a313439373737313533313b636172745f6974656d7c613a303a7b7d),
('i4fr6m2ioagrr28jlaqukdj9lrsap481', '127.0.0.1', 1497788462, 0x5f5f63695f6c6173745f726567656e65726174657c693a313439373738383138313b6964656e746974797c733a31353a2261646d696e4061646d696e2e636f6d223b656d61696c7c733a31353a2261646d696e4061646d696e2e636f6d223b757365725f69647c733a313a2231223b6f6c645f6c6173745f6c6f67696e7c733a31303a2231343937373530323533223b6c6173745f636865636b7c693a313439373737313533313b636172745f6974656d7c613a303a7b7d),
('lj8f6h6ejgufn7j6l9873kaaicm7d3oh', '127.0.0.1', 1497788781, 0x5f5f63695f6c6173745f726567656e65726174657c693a313439373738383439343b6964656e746974797c733a31353a2261646d696e4061646d696e2e636f6d223b656d61696c7c733a31353a2261646d696e4061646d696e2e636f6d223b757365725f69647c733a313a2231223b6f6c645f6c6173745f6c6f67696e7c733a31303a2231343937373530323533223b6c6173745f636865636b7c693a313439373737313533313b636172745f6974656d7c613a303a7b7d),
('h6opb5tqlqtpa8ol369ah4lovn920gd1', '127.0.0.1', 1497789130, 0x5f5f63695f6c6173745f726567656e65726174657c693a313439373738383833343b6964656e746974797c733a31353a2261646d696e4061646d696e2e636f6d223b656d61696c7c733a31353a2261646d696e4061646d696e2e636f6d223b757365725f69647c733a313a2231223b6f6c645f6c6173745f6c6f67696e7c733a31303a2231343937373530323533223b6c6173745f636865636b7c693a313439373737313533313b636172745f6974656d7c613a303a7b7d),
('r0ok3bpdngjc7c5c3316q8eibt3gjdul', '127.0.0.1', 1497789419, 0x5f5f63695f6c6173745f726567656e65726174657c693a313439373738393133363b6964656e746974797c733a31353a2261646d696e4061646d696e2e636f6d223b656d61696c7c733a31353a2261646d696e4061646d696e2e636f6d223b757365725f69647c733a313a2231223b6f6c645f6c6173745f6c6f67696e7c733a31303a2231343937373530323533223b6c6173745f636865636b7c693a313439373737313533313b636172745f6974656d7c613a303a7b7d),
('2cmnebhbcn6d9upe1f9blia3km4b9kcp', '127.0.0.1', 1497789735, 0x5f5f63695f6c6173745f726567656e65726174657c693a313439373738393434373b6964656e746974797c733a31353a2261646d696e4061646d696e2e636f6d223b656d61696c7c733a31353a2261646d696e4061646d696e2e636f6d223b757365725f69647c733a313a2231223b6f6c645f6c6173745f6c6f67696e7c733a31303a2231343937373530323533223b6c6173745f636865636b7c693a313439373737313533313b636172745f6974656d7c613a303a7b7d),
('v9lct74tg3jp42lc6gl9jflpnh9581ma', '127.0.0.1', 1497789663, 0x5f5f63695f6c6173745f726567656e65726174657c693a313439373738393635353b6964656e746974797c733a31353a2261646d696e4061646d696e2e636f6d223b656d61696c7c733a31353a2261646d696e4061646d696e2e636f6d223b757365725f69647c733a313a2231223b6f6c645f6c6173745f6c6f67696e7c733a31303a2231343937373830303331223b6c6173745f636865636b7c693a313439373738393635383b),
('k8gi22ofmfm62172ct2v06h3hfrtdn28', '127.0.0.1', 1497790009, 0x5f5f63695f6c6173745f726567656e65726174657c693a313439373738393831383b6964656e746974797c733a31353a2261646d696e4061646d696e2e636f6d223b656d61696c7c733a31353a2261646d696e4061646d696e2e636f6d223b757365725f69647c733a313a2231223b6f6c645f6c6173745f6c6f67696e7c733a31303a2231343937373530323533223b6c6173745f636865636b7c693a313439373737313533313b),
('ri43j6cetugs8qb9e4jl70ls2sfbe9en', '127.0.0.1', 1497793475, 0x5f5f63695f6c6173745f726567656e65726174657c693a313439373739333435303b6964656e746974797c733a31353a2261646d696e4061646d696e2e636f6d223b656d61696c7c733a31353a2261646d696e4061646d696e2e636f6d223b757365725f69647c733a313a2231223b6f6c645f6c6173745f6c6f67696e7c733a31303a2231343937373530323533223b6c6173745f636865636b7c693a313439373737313533313b),
('9p1k8e6me1geri0q1irfu1c6eeok15ea', '127.0.0.1', 1497795073, 0x5f5f63695f6c6173745f726567656e65726174657c693a313439373739343738393b6964656e746974797c733a31353a2261646d696e4061646d696e2e636f6d223b656d61696c7c733a31353a2261646d696e4061646d696e2e636f6d223b757365725f69647c733a313a2231223b6f6c645f6c6173745f6c6f67696e7c733a31303a2231343937373530323533223b6c6173745f636865636b7c693a313439373737313533313b636172745f6974656d7c613a323a7b693a303b613a383a7b733a31303a2270726f647563745f6964223b733a313a2231223b733a31323a2270726f647563745f6e616d65223b733a35383a22e0b881e0b8a3e0b8ade0b887e0b899e0b989e0b8b3e0b8a1e0b8b1e0b899e0b980e0b884e0b8a3e0b8b7e0b988e0b8ade0b88720535452414441223b733a383a227175616e74697479223b733a34393a223c696e70757420747970653d276e756d6265722720636c6173733d277175616e74697479272076616c75653d2731275c3e223b733a31303a226e5f7175616e74697479223b733a313a2231223b733a32313a2270726f647563745f70726963655f73656c6c696e67223b733a353a223238353035223b733a363a22616d6f756e74223b733a37313a223c696e70757420747970653d276e756d6265722720636c6173733d27616d6f756e74272076616c75653d273238353035275c20726561646f6e6c793d27726561646f6e6c79273e223b733a383a226e5f616d6f756e74223b693a32383530353b733a363a22616374696f6e223b733a3231383a223c6120636c6173733d2762746e2062746e2d696e666f2062746e2d736d2720687265663d276a6176617363726970743a6164645f6361727428312c31293b273e3c6920636c6173733d2766612d6677206661202066612d6172726f772d7570273e3c2f693e3c2f613e203c6120636c6173733d2762746e2062746e2d7761726e696e672062746e2d736d2720687265663d276a6176617363726970743a6164645f6361727428312c2d31293b273e3c6920636c6173733d2766612d6677206661202066612d6172726f772d646f776e273e3c2f693e3c2f613e20223b7d693a313b613a383a7b733a31303a2270726f647563745f6964223b733a313a2232223b733a31323a2270726f647563745f6e616d65223b733a35383a22e0b881e0b8a3e0b8b0e0b888e0b881e0b8a1e0b8ade0b887e0b882e0b989e0b8b2e0b887e0b882e0b8a7e0b8b22de0b980e0b8a5e0b8a2e0b98c223b733a383a227175616e74697479223b733a34393a223c696e70757420747970653d276e756d6265722720636c6173733d277175616e74697479272076616c75653d2732275c3e223b733a31303a226e5f7175616e74697479223b693a323b733a32313a2270726f647563745f70726963655f73656c6c696e67223b733a333a22353730223b733a363a22616d6f756e74223b733a37303a223c696e70757420747970653d276e756d6265722720636c6173733d27616d6f756e74272076616c75653d2731313430275c20726561646f6e6c793d27726561646f6e6c79273e223b733a383a226e5f616d6f756e74223b693a313134303b733a363a22616374696f6e223b733a3231383a223c6120636c6173733d2762746e2062746e2d696e666f2062746e2d736d2720687265663d276a6176617363726970743a6164645f6361727428322c31293b273e3c6920636c6173733d2766612d6677206661202066612d6172726f772d7570273e3c2f693e3c2f613e203c6120636c6173733d2762746e2062746e2d7761726e696e672062746e2d736d2720687265663d276a6176617363726970743a6164645f6361727428322c2d31293b273e3c6920636c6173733d2766612d6677206661202066612d6172726f772d646f776e273e3c2f693e3c2f613e20223b7d7d),
('l7pgka52q3lp016155oi32h0njf2e4af', '127.0.0.1', 1497795148, 0x5f5f63695f6c6173745f726567656e65726174657c693a313439373739353134373b6964656e746974797c733a31353a2261646d696e4061646d696e2e636f6d223b656d61696c7c733a31353a2261646d696e4061646d696e2e636f6d223b757365725f69647c733a313a2231223b6f6c645f6c6173745f6c6f67696e7c733a31303a2231343937373530323533223b6c6173745f636865636b7c693a313439373737313533313b636172745f6974656d7c613a323a7b693a303b613a383a7b733a31303a2270726f647563745f6964223b733a313a2231223b733a31323a2270726f647563745f6e616d65223b733a35383a22e0b881e0b8a3e0b8ade0b887e0b899e0b989e0b8b3e0b8a1e0b8b1e0b899e0b980e0b884e0b8a3e0b8b7e0b988e0b8ade0b88720535452414441223b733a383a227175616e74697479223b733a34393a223c696e70757420747970653d276e756d6265722720636c6173733d277175616e74697479272076616c75653d2731275c3e223b733a31303a226e5f7175616e74697479223b733a313a2231223b733a32313a2270726f647563745f70726963655f73656c6c696e67223b733a353a223238353035223b733a363a22616d6f756e74223b733a37313a223c696e70757420747970653d276e756d6265722720636c6173733d27616d6f756e74272076616c75653d273238353035275c20726561646f6e6c793d27726561646f6e6c79273e223b733a383a226e5f616d6f756e74223b693a32383530353b733a363a22616374696f6e223b733a3231383a223c6120636c6173733d2762746e2062746e2d696e666f2062746e2d736d2720687265663d276a6176617363726970743a6164645f6361727428312c31293b273e3c6920636c6173733d2766612d6677206661202066612d6172726f772d7570273e3c2f693e3c2f613e203c6120636c6173733d2762746e2062746e2d7761726e696e672062746e2d736d2720687265663d276a6176617363726970743a6164645f6361727428312c2d31293b273e3c6920636c6173733d2766612d6677206661202066612d6172726f772d646f776e273e3c2f693e3c2f613e20223b7d693a313b613a383a7b733a31303a2270726f647563745f6964223b733a313a2232223b733a31323a2270726f647563745f6e616d65223b733a35383a22e0b881e0b8a3e0b8b0e0b888e0b881e0b8a1e0b8ade0b887e0b882e0b989e0b8b2e0b887e0b882e0b8a7e0b8b22de0b980e0b8a5e0b8a2e0b98c223b733a383a227175616e74697479223b733a34393a223c696e70757420747970653d276e756d6265722720636c6173733d277175616e74697479272076616c75653d2732275c3e223b733a31303a226e5f7175616e74697479223b693a323b733a32313a2270726f647563745f70726963655f73656c6c696e67223b733a333a22353730223b733a363a22616d6f756e74223b733a37303a223c696e70757420747970653d276e756d6265722720636c6173733d27616d6f756e74272076616c75653d2731313430275c20726561646f6e6c793d27726561646f6e6c79273e223b733a383a226e5f616d6f756e74223b693a313134303b733a363a22616374696f6e223b733a3231383a223c6120636c6173733d2762746e2062746e2d696e666f2062746e2d736d2720687265663d276a6176617363726970743a6164645f6361727428322c31293b273e3c6920636c6173733d2766612d6677206661202066612d6172726f772d7570273e3c2f693e3c2f613e203c6120636c6173733d2762746e2062746e2d7761726e696e672062746e2d736d2720687265663d276a6176617363726970743a6164645f6361727428322c2d31293b273e3c6920636c6173733d2766612d6677206661202066612d6172726f772d646f776e273e3c2f693e3c2f613e20223b7d7d),
('g54af6p25l9o1drn5khp3mch1s9dge3j', '127.0.0.1', 1497795588, 0x5f5f63695f6c6173745f726567656e65726174657c693a313439373739353436333b6964656e746974797c733a31353a2261646d696e4061646d696e2e636f6d223b656d61696c7c733a31353a2261646d696e4061646d696e2e636f6d223b757365725f69647c733a313a2231223b6f6c645f6c6173745f6c6f67696e7c733a31303a2231343937373530323533223b6c6173745f636865636b7c693a313439373737313533313b636172745f6974656d7c613a323a7b693a303b613a383a7b733a31303a2270726f647563745f6964223b733a313a2231223b733a31323a2270726f647563745f6e616d65223b733a35383a22e0b881e0b8a3e0b8ade0b887e0b899e0b989e0b8b3e0b8a1e0b8b1e0b899e0b980e0b884e0b8a3e0b8b7e0b988e0b8ade0b88720535452414441223b733a383a227175616e74697479223b733a34393a223c696e70757420747970653d276e756d6265722720636c6173733d277175616e74697479272076616c75653d2731275c3e223b733a31303a226e5f7175616e74697479223b733a313a2231223b733a32313a2270726f647563745f70726963655f73656c6c696e67223b733a353a223238353035223b733a363a22616d6f756e74223b733a37313a223c696e70757420747970653d276e756d6265722720636c6173733d27616d6f756e74272076616c75653d273238353035275c20726561646f6e6c793d27726561646f6e6c79273e223b733a383a226e5f616d6f756e74223b693a32383530353b733a363a22616374696f6e223b733a3231383a223c6120636c6173733d2762746e2062746e2d696e666f2062746e2d736d2720687265663d276a6176617363726970743a6164645f6361727428312c31293b273e3c6920636c6173733d2766612d6677206661202066612d6172726f772d7570273e3c2f693e3c2f613e203c6120636c6173733d2762746e2062746e2d7761726e696e672062746e2d736d2720687265663d276a6176617363726970743a6164645f6361727428312c2d31293b273e3c6920636c6173733d2766612d6677206661202066612d6172726f772d646f776e273e3c2f693e3c2f613e20223b7d693a313b613a383a7b733a31303a2270726f647563745f6964223b733a313a2232223b733a31323a2270726f647563745f6e616d65223b733a35383a22e0b881e0b8a3e0b8b0e0b888e0b881e0b8a1e0b8ade0b887e0b882e0b989e0b8b2e0b887e0b882e0b8a7e0b8b22de0b980e0b8a5e0b8a2e0b98c223b733a383a227175616e74697479223b733a34393a223c696e70757420747970653d276e756d6265722720636c6173733d277175616e74697479272076616c75653d2732275c3e223b733a31303a226e5f7175616e74697479223b693a323b733a32313a2270726f647563745f70726963655f73656c6c696e67223b733a333a22353730223b733a363a22616d6f756e74223b733a37303a223c696e70757420747970653d276e756d6265722720636c6173733d27616d6f756e74272076616c75653d2731313430275c20726561646f6e6c793d27726561646f6e6c79273e223b733a383a226e5f616d6f756e74223b693a313134303b733a363a22616374696f6e223b733a3231383a223c6120636c6173733d2762746e2062746e2d696e666f2062746e2d736d2720687265663d276a6176617363726970743a6164645f6361727428322c31293b273e3c6920636c6173733d2766612d6677206661202066612d6172726f772d7570273e3c2f693e3c2f613e203c6120636c6173733d2762746e2062746e2d7761726e696e672062746e2d736d2720687265663d276a6176617363726970743a6164645f6361727428322c2d31293b273e3c6920636c6173733d2766612d6677206661202066612d6172726f772d646f776e273e3c2f693e3c2f613e20223b7d7d),
('t7opkm2esm01cesiq8ora1256cigve4e', '127.0.0.1', 1497796172, 0x5f5f63695f6c6173745f726567656e65726174657c693a313439373739353838303b6964656e746974797c733a31353a2261646d696e4061646d696e2e636f6d223b656d61696c7c733a31353a2261646d696e4061646d696e2e636f6d223b757365725f69647c733a313a2231223b6f6c645f6c6173745f6c6f67696e7c733a31303a2231343937373530323533223b6c6173745f636865636b7c693a313439373737313533313b636172745f6974656d7c613a323a7b693a303b613a383a7b733a31303a2270726f647563745f6964223b733a313a2231223b733a31323a2270726f647563745f6e616d65223b733a35383a22e0b881e0b8a3e0b8ade0b887e0b899e0b989e0b8b3e0b8a1e0b8b1e0b899e0b980e0b884e0b8a3e0b8b7e0b988e0b8ade0b88720535452414441223b733a383a227175616e74697479223b733a34393a223c696e70757420747970653d276e756d6265722720636c6173733d277175616e74697479272076616c75653d2731275c3e223b733a31303a226e5f7175616e74697479223b733a313a2231223b733a32313a2270726f647563745f70726963655f73656c6c696e67223b733a353a223238353035223b733a363a22616d6f756e74223b733a37313a223c696e70757420747970653d276e756d6265722720636c6173733d27616d6f756e74272076616c75653d273238353035275c20726561646f6e6c793d27726561646f6e6c79273e223b733a383a226e5f616d6f756e74223b693a32383530353b733a363a22616374696f6e223b733a3231383a223c6120636c6173733d2762746e2062746e2d696e666f2062746e2d736d2720687265663d276a6176617363726970743a6164645f6361727428312c31293b273e3c6920636c6173733d2766612d6677206661202066612d6172726f772d7570273e3c2f693e3c2f613e203c6120636c6173733d2762746e2062746e2d7761726e696e672062746e2d736d2720687265663d276a6176617363726970743a6164645f6361727428312c2d31293b273e3c6920636c6173733d2766612d6677206661202066612d6172726f772d646f776e273e3c2f693e3c2f613e20223b7d693a313b613a383a7b733a31303a2270726f647563745f6964223b733a313a2232223b733a31323a2270726f647563745f6e616d65223b733a35383a22e0b881e0b8a3e0b8b0e0b888e0b881e0b8a1e0b8ade0b887e0b882e0b989e0b8b2e0b887e0b882e0b8a7e0b8b22de0b980e0b8a5e0b8a2e0b98c223b733a383a227175616e74697479223b733a34393a223c696e70757420747970653d276e756d6265722720636c6173733d277175616e74697479272076616c75653d2732275c3e223b733a31303a226e5f7175616e74697479223b693a323b733a32313a2270726f647563745f70726963655f73656c6c696e67223b733a333a22353730223b733a363a22616d6f756e74223b733a37303a223c696e70757420747970653d276e756d6265722720636c6173733d27616d6f756e74272076616c75653d2731313430275c20726561646f6e6c793d27726561646f6e6c79273e223b733a383a226e5f616d6f756e74223b693a313134303b733a363a22616374696f6e223b733a3231383a223c6120636c6173733d2762746e2062746e2d696e666f2062746e2d736d2720687265663d276a6176617363726970743a6164645f6361727428322c31293b273e3c6920636c6173733d2766612d6677206661202066612d6172726f772d7570273e3c2f693e3c2f613e203c6120636c6173733d2762746e2062746e2d7761726e696e672062746e2d736d2720687265663d276a6176617363726970743a6164645f6361727428322c2d31293b273e3c6920636c6173733d2766612d6677206661202066612d6172726f772d646f776e273e3c2f693e3c2f613e20223b7d7d),
('fp244hj6ijlhrorin4qtfchc25t3ngod', '127.0.0.1', 1497796282, 0x5f5f63695f6c6173745f726567656e65726174657c693a313439373739363236383b6964656e746974797c733a31353a2261646d696e4061646d696e2e636f6d223b656d61696c7c733a31353a2261646d696e4061646d696e2e636f6d223b757365725f69647c733a313a2231223b6f6c645f6c6173745f6c6f67696e7c733a31303a2231343937373530323533223b6c6173745f636865636b7c693a313439373737313533313b636172745f6974656d7c613a323a7b693a303b613a383a7b733a31303a2270726f647563745f6964223b733a313a2231223b733a31323a2270726f647563745f6e616d65223b733a35383a22e0b881e0b8a3e0b8ade0b887e0b899e0b989e0b8b3e0b8a1e0b8b1e0b899e0b980e0b884e0b8a3e0b8b7e0b988e0b8ade0b88720535452414441223b733a383a227175616e74697479223b733a34393a223c696e70757420747970653d276e756d6265722720636c6173733d277175616e74697479272076616c75653d2731275c3e223b733a31303a226e5f7175616e74697479223b733a313a2231223b733a32313a2270726f647563745f70726963655f73656c6c696e67223b733a353a223238353035223b733a363a22616d6f756e74223b733a37313a223c696e70757420747970653d276e756d6265722720636c6173733d27616d6f756e74272076616c75653d273238353035275c20726561646f6e6c793d27726561646f6e6c79273e223b733a383a226e5f616d6f756e74223b693a32383530353b733a363a22616374696f6e223b733a3231383a223c6120636c6173733d2762746e2062746e2d696e666f2062746e2d736d2720687265663d276a6176617363726970743a6164645f6361727428312c31293b273e3c6920636c6173733d2766612d6677206661202066612d6172726f772d7570273e3c2f693e3c2f613e203c6120636c6173733d2762746e2062746e2d7761726e696e672062746e2d736d2720687265663d276a6176617363726970743a6164645f6361727428312c2d31293b273e3c6920636c6173733d2766612d6677206661202066612d6172726f772d646f776e273e3c2f693e3c2f613e20223b7d693a313b613a383a7b733a31303a2270726f647563745f6964223b733a313a2232223b733a31323a2270726f647563745f6e616d65223b733a35383a22e0b881e0b8a3e0b8b0e0b888e0b881e0b8a1e0b8ade0b887e0b882e0b989e0b8b2e0b887e0b882e0b8a7e0b8b22de0b980e0b8a5e0b8a2e0b98c223b733a383a227175616e74697479223b733a34393a223c696e70757420747970653d276e756d6265722720636c6173733d277175616e74697479272076616c75653d2732275c3e223b733a31303a226e5f7175616e74697479223b693a323b733a32313a2270726f647563745f70726963655f73656c6c696e67223b733a333a22353730223b733a363a22616d6f756e74223b733a37303a223c696e70757420747970653d276e756d6265722720636c6173733d27616d6f756e74272076616c75653d2731313430275c20726561646f6e6c793d27726561646f6e6c79273e223b733a383a226e5f616d6f756e74223b693a313134303b733a363a22616374696f6e223b733a3231383a223c6120636c6173733d2762746e2062746e2d696e666f2062746e2d736d2720687265663d276a6176617363726970743a6164645f6361727428322c31293b273e3c6920636c6173733d2766612d6677206661202066612d6172726f772d7570273e3c2f693e3c2f613e203c6120636c6173733d2762746e2062746e2d7761726e696e672062746e2d736d2720687265663d276a6176617363726970743a6164645f6361727428322c2d31293b273e3c6920636c6173733d2766612d6677206661202066612d6172726f772d646f776e273e3c2f693e3c2f613e20223b7d7d),
('nfa7p7t5v5edmj46smgrp0mcvv3phd44', '127.0.0.1', 1497798519, 0x5f5f63695f6c6173745f726567656e65726174657c693a313439373739383531393b6964656e746974797c733a31353a2261646d696e4061646d696e2e636f6d223b656d61696c7c733a31353a2261646d696e4061646d696e2e636f6d223b757365725f69647c733a313a2231223b6f6c645f6c6173745f6c6f67696e7c733a31303a2231343937373530323533223b6c6173745f636865636b7c693a313439373737313533313b636172745f6974656d7c613a323a7b693a303b613a383a7b733a31303a2270726f647563745f6964223b733a313a2231223b733a31323a2270726f647563745f6e616d65223b733a35383a22e0b881e0b8a3e0b8ade0b887e0b899e0b989e0b8b3e0b8a1e0b8b1e0b899e0b980e0b884e0b8a3e0b8b7e0b988e0b8ade0b88720535452414441223b733a383a227175616e74697479223b733a34393a223c696e70757420747970653d276e756d6265722720636c6173733d277175616e74697479272076616c75653d2731275c3e223b733a31303a226e5f7175616e74697479223b733a313a2231223b733a32313a2270726f647563745f70726963655f73656c6c696e67223b733a353a223238353035223b733a363a22616d6f756e74223b733a37313a223c696e70757420747970653d276e756d6265722720636c6173733d27616d6f756e74272076616c75653d273238353035275c20726561646f6e6c793d27726561646f6e6c79273e223b733a383a226e5f616d6f756e74223b693a32383530353b733a363a22616374696f6e223b733a3231383a223c6120636c6173733d2762746e2062746e2d696e666f2062746e2d736d2720687265663d276a6176617363726970743a6164645f6361727428312c31293b273e3c6920636c6173733d2766612d6677206661202066612d6172726f772d7570273e3c2f693e3c2f613e203c6120636c6173733d2762746e2062746e2d7761726e696e672062746e2d736d2720687265663d276a6176617363726970743a6164645f6361727428312c2d31293b273e3c6920636c6173733d2766612d6677206661202066612d6172726f772d646f776e273e3c2f693e3c2f613e20223b7d693a313b613a383a7b733a31303a2270726f647563745f6964223b733a313a2232223b733a31323a2270726f647563745f6e616d65223b733a35383a22e0b881e0b8a3e0b8b0e0b888e0b881e0b8a1e0b8ade0b887e0b882e0b989e0b8b2e0b887e0b882e0b8a7e0b8b22de0b980e0b8a5e0b8a2e0b98c223b733a383a227175616e74697479223b733a34393a223c696e70757420747970653d276e756d6265722720636c6173733d277175616e74697479272076616c75653d2732275c3e223b733a31303a226e5f7175616e74697479223b693a323b733a32313a2270726f647563745f70726963655f73656c6c696e67223b733a333a22353730223b733a363a22616d6f756e74223b733a37303a223c696e70757420747970653d276e756d6265722720636c6173733d27616d6f756e74272076616c75653d2731313430275c20726561646f6e6c793d27726561646f6e6c79273e223b733a383a226e5f616d6f756e74223b693a313134303b733a363a22616374696f6e223b733a3231383a223c6120636c6173733d2762746e2062746e2d696e666f2062746e2d736d2720687265663d276a6176617363726970743a6164645f6361727428322c31293b273e3c6920636c6173733d2766612d6677206661202066612d6172726f772d7570273e3c2f693e3c2f613e203c6120636c6173733d2762746e2062746e2d7761726e696e672062746e2d736d2720687265663d276a6176617363726970743a6164645f6361727428322c2d31293b273e3c6920636c6173733d2766612d6677206661202066612d6172726f772d646f776e273e3c2f693e3c2f613e20223b7d7d),
('bm3b8fbjd700iovtdbvqt3shnkng0luk', '127.0.0.1', 1497799201, 0x5f5f63695f6c6173745f726567656e65726174657c693a313439373739383938353b6964656e746974797c733a31353a2261646d696e4061646d696e2e636f6d223b656d61696c7c733a31353a2261646d696e4061646d696e2e636f6d223b757365725f69647c733a313a2231223b6f6c645f6c6173745f6c6f67696e7c733a31303a2231343937373530323533223b6c6173745f636865636b7c693a313439373737313533313b636172745f6974656d7c613a323a7b693a303b613a383a7b733a31303a2270726f647563745f6964223b733a313a2231223b733a31323a2270726f647563745f6e616d65223b733a35383a22e0b881e0b8a3e0b8ade0b887e0b899e0b989e0b8b3e0b8a1e0b8b1e0b899e0b980e0b884e0b8a3e0b8b7e0b988e0b8ade0b88720535452414441223b733a383a227175616e74697479223b733a34393a223c696e70757420747970653d276e756d6265722720636c6173733d277175616e74697479272076616c75653d2731275c3e223b733a31303a226e5f7175616e74697479223b733a313a2231223b733a32313a2270726f647563745f70726963655f73656c6c696e67223b733a353a223238353035223b733a363a22616d6f756e74223b733a37313a223c696e70757420747970653d276e756d6265722720636c6173733d27616d6f756e74272076616c75653d273238353035275c20726561646f6e6c793d27726561646f6e6c79273e223b733a383a226e5f616d6f756e74223b693a32383530353b733a363a22616374696f6e223b733a3231383a223c6120636c6173733d2762746e2062746e2d696e666f2062746e2d736d2720687265663d276a6176617363726970743a6164645f6361727428312c31293b273e3c6920636c6173733d2766612d6677206661202066612d6172726f772d7570273e3c2f693e3c2f613e203c6120636c6173733d2762746e2062746e2d7761726e696e672062746e2d736d2720687265663d276a6176617363726970743a6164645f6361727428312c2d31293b273e3c6920636c6173733d2766612d6677206661202066612d6172726f772d646f776e273e3c2f693e3c2f613e20223b7d693a313b613a383a7b733a31303a2270726f647563745f6964223b733a313a2232223b733a31323a2270726f647563745f6e616d65223b733a35383a22e0b881e0b8a3e0b8b0e0b888e0b881e0b8a1e0b8ade0b887e0b882e0b989e0b8b2e0b887e0b882e0b8a7e0b8b22de0b980e0b8a5e0b8a2e0b98c223b733a383a227175616e74697479223b733a34393a223c696e70757420747970653d276e756d6265722720636c6173733d277175616e74697479272076616c75653d2732275c3e223b733a31303a226e5f7175616e74697479223b693a323b733a32313a2270726f647563745f70726963655f73656c6c696e67223b733a333a22353730223b733a363a22616d6f756e74223b733a37303a223c696e70757420747970653d276e756d6265722720636c6173733d27616d6f756e74272076616c75653d2731313430275c20726561646f6e6c793d27726561646f6e6c79273e223b733a383a226e5f616d6f756e74223b693a313134303b733a363a22616374696f6e223b733a3231383a223c6120636c6173733d2762746e2062746e2d696e666f2062746e2d736d2720687265663d276a6176617363726970743a6164645f6361727428322c31293b273e3c6920636c6173733d2766612d6677206661202066612d6172726f772d7570273e3c2f693e3c2f613e203c6120636c6173733d2762746e2062746e2d7761726e696e672062746e2d736d2720687265663d276a6176617363726970743a6164645f6361727428322c2d31293b273e3c6920636c6173733d2766612d6677206661202066612d6172726f772d646f776e273e3c2f693e3c2f613e20223b7d7d),
('rtqqvjh2p8fm39u4vc25vjbhmo0md5p6', '127.0.0.1', 1497799730, 0x5f5f63695f6c6173745f726567656e65726174657c693a313439373739393238393b6964656e746974797c733a31353a2261646d696e4061646d696e2e636f6d223b656d61696c7c733a31353a2261646d696e4061646d696e2e636f6d223b757365725f69647c733a313a2231223b6f6c645f6c6173745f6c6f67696e7c733a31303a2231343937373530323533223b6c6173745f636865636b7c693a313439373737313533313b636172745f6974656d7c613a303a7b7d),
('ffhnbdpbnd22qrp127lbq5pm8q471ofp', '127.0.0.1', 1497800031, 0x5f5f63695f6c6173745f726567656e65726174657c693a313439373739393739303b6964656e746974797c733a31353a2261646d696e4061646d696e2e636f6d223b656d61696c7c733a31353a2261646d696e4061646d696e2e636f6d223b757365725f69647c733a313a2231223b6f6c645f6c6173745f6c6f67696e7c733a31303a2231343937373530323533223b6c6173745f636865636b7c693a313439373737313533313b636172745f6974656d7c613a303a7b7d),
('90vp4geo5jtjh3md0o645fa4t0oid9r0', '127.0.0.1', 1497800404, 0x5f5f63695f6c6173745f726567656e65726174657c693a313439373830303132393b6964656e746974797c733a31353a2261646d696e4061646d696e2e636f6d223b656d61696c7c733a31353a2261646d696e4061646d696e2e636f6d223b757365725f69647c733a313a2231223b6f6c645f6c6173745f6c6f67696e7c733a31303a2231343937373530323533223b6c6173745f636865636b7c693a313439373737313533313b636172745f6974656d7c613a303a7b7d),
('9krmghie63h2j4s7599ajtrdhehlmo25', '127.0.0.1', 1497800879, 0x5f5f63695f6c6173745f726567656e65726174657c693a313439373830303634373b6964656e746974797c733a31353a2261646d696e4061646d696e2e636f6d223b656d61696c7c733a31353a2261646d696e4061646d696e2e636f6d223b757365725f69647c733a313a2231223b6f6c645f6c6173745f6c6f67696e7c733a31303a2231343937373530323533223b6c6173745f636865636b7c693a313439373737313533313b636172745f6974656d7c613a323a7b693a303b613a383a7b733a31303a2270726f647563745f6964223b733a313a2231223b733a31323a2270726f647563745f6e616d65223b733a35383a22e0b881e0b8a3e0b8ade0b887e0b899e0b989e0b8b3e0b8a1e0b8b1e0b899e0b980e0b884e0b8a3e0b8b7e0b988e0b8ade0b88720535452414441223b733a383a227175616e74697479223b733a34393a223c696e70757420747970653d276e756d6265722720636c6173733d277175616e74697479272076616c75653d2731275c3e223b733a31303a226e5f7175616e74697479223b733a313a2231223b733a32313a2270726f647563745f70726963655f73656c6c696e67223b733a353a223238353035223b733a363a22616d6f756e74223b733a37313a223c696e70757420747970653d276e756d6265722720636c6173733d27616d6f756e74272076616c75653d273238353035275c20726561646f6e6c793d27726561646f6e6c79273e223b733a383a226e5f616d6f756e74223b693a32383530353b733a363a22616374696f6e223b733a3231383a223c6120636c6173733d2762746e2062746e2d696e666f2062746e2d736d2720687265663d276a6176617363726970743a6164645f6361727428312c31293b273e3c6920636c6173733d2766612d6677206661202066612d6172726f772d7570273e3c2f693e3c2f613e203c6120636c6173733d2762746e2062746e2d7761726e696e672062746e2d736d2720687265663d276a6176617363726970743a6164645f6361727428312c2d31293b273e3c6920636c6173733d2766612d6677206661202066612d6172726f772d646f776e273e3c2f693e3c2f613e20223b7d693a313b613a383a7b733a31303a2270726f647563745f6964223b733a313a2232223b733a31323a2270726f647563745f6e616d65223b733a35383a22e0b881e0b8a3e0b8b0e0b888e0b881e0b8a1e0b8ade0b887e0b882e0b989e0b8b2e0b887e0b882e0b8a7e0b8b22de0b980e0b8a5e0b8a2e0b98c223b733a383a227175616e74697479223b733a34393a223c696e70757420747970653d276e756d6265722720636c6173733d277175616e74697479272076616c75653d2733275c3e223b733a31303a226e5f7175616e74697479223b693a333b733a32313a2270726f647563745f70726963655f73656c6c696e67223b733a333a22353730223b733a363a22616d6f756e74223b733a37303a223c696e70757420747970653d276e756d6265722720636c6173733d27616d6f756e74272076616c75653d2731373130275c20726561646f6e6c793d27726561646f6e6c79273e223b733a383a226e5f616d6f756e74223b693a313731303b733a363a22616374696f6e223b733a3231383a223c6120636c6173733d2762746e2062746e2d696e666f2062746e2d736d2720687265663d276a6176617363726970743a6164645f6361727428322c31293b273e3c6920636c6173733d2766612d6677206661202066612d6172726f772d7570273e3c2f693e3c2f613e203c6120636c6173733d2762746e2062746e2d7761726e696e672062746e2d736d2720687265663d276a6176617363726970743a6164645f6361727428322c2d31293b273e3c6920636c6173733d2766612d6677206661202066612d6172726f772d646f776e273e3c2f693e3c2f613e20223b7d7d),
('i0eah7v5pj0vo6o8p3sam09jee49kequ', '127.0.0.1', 1497801127, 0x5f5f63695f6c6173745f726567656e65726174657c693a313439373830313130323b6964656e746974797c733a31353a2261646d696e4061646d696e2e636f6d223b656d61696c7c733a31353a2261646d696e4061646d696e2e636f6d223b757365725f69647c733a313a2231223b6f6c645f6c6173745f6c6f67696e7c733a31303a2231343937373530323533223b6c6173745f636865636b7c693a313439373737313533313b636172745f6974656d7c613a323a7b693a303b613a383a7b733a31303a2270726f647563745f6964223b733a313a2231223b733a31323a2270726f647563745f6e616d65223b733a35383a22e0b881e0b8a3e0b8ade0b887e0b899e0b989e0b8b3e0b8a1e0b8b1e0b899e0b980e0b884e0b8a3e0b8b7e0b988e0b8ade0b88720535452414441223b733a383a227175616e74697479223b733a34393a223c696e70757420747970653d276e756d6265722720636c6173733d277175616e74697479272076616c75653d2731275c3e223b733a31303a226e5f7175616e74697479223b733a313a2231223b733a32313a2270726f647563745f70726963655f73656c6c696e67223b733a353a223238353035223b733a363a22616d6f756e74223b733a37313a223c696e70757420747970653d276e756d6265722720636c6173733d27616d6f756e74272076616c75653d273238353035275c20726561646f6e6c793d27726561646f6e6c79273e223b733a383a226e5f616d6f756e74223b693a32383530353b733a363a22616374696f6e223b733a3231383a223c6120636c6173733d2762746e2062746e2d696e666f2062746e2d736d2720687265663d276a6176617363726970743a6164645f6361727428312c31293b273e3c6920636c6173733d2766612d6677206661202066612d6172726f772d7570273e3c2f693e3c2f613e203c6120636c6173733d2762746e2062746e2d7761726e696e672062746e2d736d2720687265663d276a6176617363726970743a6164645f6361727428312c2d31293b273e3c6920636c6173733d2766612d6677206661202066612d6172726f772d646f776e273e3c2f693e3c2f613e20223b7d693a313b613a383a7b733a31303a2270726f647563745f6964223b733a313a2232223b733a31323a2270726f647563745f6e616d65223b733a35383a22e0b881e0b8a3e0b8b0e0b888e0b881e0b8a1e0b8ade0b887e0b882e0b989e0b8b2e0b887e0b882e0b8a7e0b8b22de0b980e0b8a5e0b8a2e0b98c223b733a383a227175616e74697479223b733a34393a223c696e70757420747970653d276e756d6265722720636c6173733d277175616e74697479272076616c75653d2733275c3e223b733a31303a226e5f7175616e74697479223b693a333b733a32313a2270726f647563745f70726963655f73656c6c696e67223b733a333a22353730223b733a363a22616d6f756e74223b733a37303a223c696e70757420747970653d276e756d6265722720636c6173733d27616d6f756e74272076616c75653d2731373130275c20726561646f6e6c793d27726561646f6e6c79273e223b733a383a226e5f616d6f756e74223b693a313731303b733a363a22616374696f6e223b733a3231383a223c6120636c6173733d2762746e2062746e2d696e666f2062746e2d736d2720687265663d276a6176617363726970743a6164645f6361727428322c31293b273e3c6920636c6173733d2766612d6677206661202066612d6172726f772d7570273e3c2f693e3c2f613e203c6120636c6173733d2762746e2062746e2d7761726e696e672062746e2d736d2720687265663d276a6176617363726970743a6164645f6361727428322c2d31293b273e3c6920636c6173733d2766612d6677206661202066612d6172726f772d646f776e273e3c2f693e3c2f613e20223b7d7d),
('v92s8jjggbg3j8ja6mg0vn6r06dg3fl9', '127.0.0.1', 1497801528, 0x5f5f63695f6c6173745f726567656e65726174657c693a313439373830313438313b6964656e746974797c733a31353a2261646d696e4061646d696e2e636f6d223b656d61696c7c733a31353a2261646d696e4061646d696e2e636f6d223b757365725f69647c733a313a2231223b6f6c645f6c6173745f6c6f67696e7c733a31303a2231343937373530323533223b6c6173745f636865636b7c693a313439373737313533313b),
('56okfgc8rcle4hhmpb9dfg52pe1s6dqm', '127.0.0.1', 1497802113, 0x5f5f63695f6c6173745f726567656e65726174657c693a313439373830313832383b6964656e746974797c733a31353a2261646d696e4061646d696e2e636f6d223b656d61696c7c733a31353a2261646d696e4061646d696e2e636f6d223b757365725f69647c733a313a2231223b6f6c645f6c6173745f6c6f67696e7c733a31303a2231343937373530323533223b6c6173745f636865636b7c693a313439373737313533313b),
('krvaaob96n23b44onn886f84ho9q3mpe', '127.0.0.1', 1497802129, 0x5f5f63695f6c6173745f726567656e65726174657c693a313439373830323132393b6964656e746974797c733a31353a2261646d696e4061646d696e2e636f6d223b656d61696c7c733a31353a2261646d696e4061646d696e2e636f6d223b757365725f69647c733a313a2231223b6f6c645f6c6173745f6c6f67696e7c733a31303a2231343937373530323533223b6c6173745f636865636b7c693a313439373737313533313b),
('q7tk4slbme3r8q30bn5v9makurb9csj5', '10.1.0.5', 1497842787, 0x5f5f63695f6c6173745f726567656e65726174657c693a313439373834323738363b),
('nl7ddd6b3lf2mcl50qlh3q4bhdgus8hr', '10.1.0.5', 1497843950, 0x5f5f63695f6c6173745f726567656e65726174657c693a313439373834333635373b6964656e746974797c733a31353a2261646d696e4061646d696e2e636f6d223b656d61696c7c733a31353a2261646d696e4061646d696e2e636f6d223b757365725f69647c733a313a2231223b6f6c645f6c6173745f6c6f67696e7c733a31303a2231343937373839363538223b6c6173745f636865636b7c693a313439373834333635373b636172745f6974656d7c613a313a7b693a303b613a383a7b733a31303a2270726f647563745f6964223b733a313a2231223b733a31323a2270726f647563745f6e616d65223b733a35383a22e0b881e0b8a3e0b8ade0b887e0b899e0b989e0b8b3e0b8a1e0b8b1e0b899e0b980e0b884e0b8a3e0b8b7e0b988e0b8ade0b88720535452414441223b733a383a227175616e74697479223b733a34393a223c696e70757420747970653d276e756d6265722720636c6173733d277175616e74697479272076616c75653d2731275c3e223b733a31303a226e5f7175616e74697479223b733a313a2231223b733a32313a2270726f647563745f70726963655f73656c6c696e67223b733a353a223238353035223b733a363a22616d6f756e74223b733a37313a223c696e70757420747970653d276e756d6265722720636c6173733d27616d6f756e74272076616c75653d273238353035275c20726561646f6e6c793d27726561646f6e6c79273e223b733a383a226e5f616d6f756e74223b693a32383530353b733a363a22616374696f6e223b733a3231383a223c6120636c6173733d2762746e2062746e2d696e666f2062746e2d736d2720687265663d276a6176617363726970743a6164645f6361727428312c31293b273e3c6920636c6173733d2766612d6677206661202066612d6172726f772d7570273e3c2f693e3c2f613e203c6120636c6173733d2762746e2062746e2d7761726e696e672062746e2d736d2720687265663d276a6176617363726970743a6164645f6361727428312c2d31293b273e3c6920636c6173733d2766612d6677206661202066612d6172726f772d646f776e273e3c2f693e3c2f613e20223b7d7d),
('p5aj2ujf3ho0mghrh0g1pke9j3uior36', '10.1.0.5', 1497844474, 0x5f5f63695f6c6173745f726567656e65726174657c693a313439373834343335333b6964656e746974797c733a31353a2261646d696e4061646d696e2e636f6d223b656d61696c7c733a31353a2261646d696e4061646d696e2e636f6d223b757365725f69647c733a313a2231223b6f6c645f6c6173745f6c6f67696e7c733a31303a2231343937373839363538223b6c6173745f636865636b7c693a313439373834333635373b636172745f6974656d7c613a313a7b693a303b613a383a7b733a31303a2270726f647563745f6964223b733a313a2231223b733a31323a2270726f647563745f6e616d65223b733a35383a22e0b881e0b8a3e0b8ade0b887e0b899e0b989e0b8b3e0b8a1e0b8b1e0b899e0b980e0b884e0b8a3e0b8b7e0b988e0b8ade0b88720535452414441223b733a383a227175616e74697479223b733a34393a223c696e70757420747970653d276e756d6265722720636c6173733d277175616e74697479272076616c75653d2731275c3e223b733a31303a226e5f7175616e74697479223b733a313a2231223b733a32313a2270726f647563745f70726963655f73656c6c696e67223b733a353a223238353035223b733a363a22616d6f756e74223b733a37313a223c696e70757420747970653d276e756d6265722720636c6173733d27616d6f756e74272076616c75653d273238353035275c20726561646f6e6c793d27726561646f6e6c79273e223b733a383a226e5f616d6f756e74223b693a32383530353b733a363a22616374696f6e223b733a3231383a223c6120636c6173733d2762746e2062746e2d696e666f2062746e2d736d2720687265663d276a6176617363726970743a6164645f6361727428312c31293b273e3c6920636c6173733d2766612d6677206661202066612d6172726f772d7570273e3c2f693e3c2f613e203c6120636c6173733d2762746e2062746e2d7761726e696e672062746e2d736d2720687265663d276a6176617363726970743a6164645f6361727428312c2d31293b273e3c6920636c6173733d2766612d6677206661202066612d6172726f772d646f776e273e3c2f693e3c2f613e20223b7d7d),
('rv6qdch6t6ot4ujkc3ivvmjipc6obumo', '10.1.0.5', 1497844867, 0x5f5f63695f6c6173745f726567656e65726174657c693a313439373834343735353b6964656e746974797c733a31353a2261646d696e4061646d696e2e636f6d223b656d61696c7c733a31353a2261646d696e4061646d696e2e636f6d223b757365725f69647c733a313a2231223b6f6c645f6c6173745f6c6f67696e7c733a31303a2231343937373839363538223b6c6173745f636865636b7c693a313439373834333635373b636172745f6974656d7c613a323a7b693a303b613a383a7b733a31303a2270726f647563745f6964223b733a313a2231223b733a31323a2270726f647563745f6e616d65223b733a35383a22e0b881e0b8a3e0b8ade0b887e0b899e0b989e0b8b3e0b8a1e0b8b1e0b899e0b980e0b884e0b8a3e0b8b7e0b988e0b8ade0b88720535452414441223b733a383a227175616e74697479223b733a36343a223c696e70757420747970653d276e756d626572272070726f647563745f69643d27312720636c6173733d277175616e74697479272076616c75653d2731275c3e223b733a31303a226e5f7175616e74697479223b733a313a2231223b733a32313a2270726f647563745f70726963655f73656c6c696e67223b733a353a223238353035223b733a363a22616d6f756e74223b733a37313a223c696e70757420747970653d276e756d6265722720636c6173733d27616d6f756e74272076616c75653d273238353035275c20726561646f6e6c793d27726561646f6e6c79273e223b733a383a226e5f616d6f756e74223b693a32383530353b733a363a22616374696f6e223b733a3231383a223c6120636c6173733d2762746e2062746e2d696e666f2062746e2d736d2720687265663d276a6176617363726970743a6164645f6361727428312c31293b273e3c6920636c6173733d2766612d6677206661202066612d6172726f772d7570273e3c2f693e3c2f613e203c6120636c6173733d2762746e2062746e2d7761726e696e672062746e2d736d2720687265663d276a6176617363726970743a6164645f6361727428312c2d31293b273e3c6920636c6173733d2766612d6677206661202066612d6172726f772d646f776e273e3c2f693e3c2f613e20223b7d693a313b613a383a7b733a31303a2270726f647563745f6964223b733a313a2232223b733a31323a2270726f647563745f6e616d65223b733a35383a22e0b881e0b8a3e0b8b0e0b888e0b881e0b8a1e0b8ade0b887e0b882e0b989e0b8b2e0b887e0b882e0b8a7e0b8b22de0b980e0b8a5e0b8a2e0b98c223b733a383a227175616e74697479223b733a36353a223c696e70757420747970653d276e756d626572272070726f647563745f69643d27322720636c6173733d277175616e74697479272076616c75653d273131275c3e223b733a31303a226e5f7175616e74697479223b693a31313b733a32313a2270726f647563745f70726963655f73656c6c696e67223b733a333a22353730223b733a363a22616d6f756e74223b733a37303a223c696e70757420747970653d276e756d6265722720636c6173733d27616d6f756e74272076616c75653d2736323730275c20726561646f6e6c793d27726561646f6e6c79273e223b733a383a226e5f616d6f756e74223b693a363237303b733a363a22616374696f6e223b733a3231383a223c6120636c6173733d2762746e2062746e2d696e666f2062746e2d736d2720687265663d276a6176617363726970743a6164645f6361727428322c31293b273e3c6920636c6173733d2766612d6677206661202066612d6172726f772d7570273e3c2f693e3c2f613e203c6120636c6173733d2762746e2062746e2d7761726e696e672062746e2d736d2720687265663d276a6176617363726970743a6164645f6361727428322c2d31293b273e3c6920636c6173733d2766612d6677206661202066612d6172726f772d646f776e273e3c2f693e3c2f613e20223b7d7d),
('6ctgt1c34j97pns2apf1e4i4ce441eoo', '10.1.0.5', 1497845482, 0x5f5f63695f6c6173745f726567656e65726174657c693a313439373834353131323b6964656e746974797c733a31353a2261646d696e4061646d696e2e636f6d223b656d61696c7c733a31353a2261646d696e4061646d696e2e636f6d223b757365725f69647c733a313a2231223b6f6c645f6c6173745f6c6f67696e7c733a31303a2231343937373839363538223b6c6173745f636865636b7c693a313439373834333635373b636172745f6974656d7c613a323a7b693a303b613a383a7b733a31303a2270726f647563745f6964223b733a313a2231223b733a31323a2270726f647563745f6e616d65223b733a35383a22e0b881e0b8a3e0b8ade0b887e0b899e0b989e0b8b3e0b8a1e0b8b1e0b899e0b980e0b884e0b8a3e0b8b7e0b988e0b8ade0b88720535452414441223b733a383a227175616e74697479223b733a3131373a223c696e70757420747970653d276e756d626572272070726f647563745f69643d27312720636c6173733d277175616e74697479272076616c75653d2733275c3e3c696e70757420747970653d2768696464656e2720636c6173733d277175616e746974795f315f70272076616c75653d2733275c3e223b733a31303a226e5f7175616e74697479223b693a333b733a32313a2270726f647563745f70726963655f73656c6c696e67223b733a353a223238353035223b733a363a22616d6f756e74223b733a37313a223c696e70757420747970653d276e756d6265722720636c6173733d27616d6f756e74272076616c75653d273835353135275c20726561646f6e6c793d27726561646f6e6c79273e223b733a383a226e5f616d6f756e74223b693a38353531353b733a363a22616374696f6e223b733a3231383a223c6120636c6173733d2762746e2062746e2d696e666f2062746e2d736d2720687265663d276a6176617363726970743a6164645f6361727428312c31293b273e3c6920636c6173733d2766612d6677206661202066612d6172726f772d7570273e3c2f693e3c2f613e203c6120636c6173733d2762746e2062746e2d7761726e696e672062746e2d736d2720687265663d276a6176617363726970743a6164645f6361727428312c2d31293b273e3c6920636c6173733d2766612d6677206661202066612d6172726f772d646f776e273e3c2f693e3c2f613e20223b7d693a313b613a383a7b733a31303a2270726f647563745f6964223b733a313a2232223b733a31323a2270726f647563745f6e616d65223b733a35383a22e0b881e0b8a3e0b8b0e0b888e0b881e0b8a1e0b8ade0b887e0b882e0b989e0b8b2e0b887e0b882e0b8a7e0b8b22de0b980e0b8a5e0b8a2e0b98c223b733a383a227175616e74697479223b733a3131373a223c696e70757420747970653d276e756d626572272070726f647563745f69643d27322720636c6173733d277175616e74697479272076616c75653d2731275c3e3c696e70757420747970653d2768696464656e2720636c6173733d277175616e746974795f325f70272076616c75653d2731275c3e223b733a31303a226e5f7175616e74697479223b693a313b733a32313a2270726f647563745f70726963655f73656c6c696e67223b733a333a22353730223b733a363a22616d6f756e74223b733a36393a223c696e70757420747970653d276e756d6265722720636c6173733d27616d6f756e74272076616c75653d27353730275c20726561646f6e6c793d27726561646f6e6c79273e223b733a383a226e5f616d6f756e74223b693a3537303b733a363a22616374696f6e223b733a3231383a223c6120636c6173733d2762746e2062746e2d696e666f2062746e2d736d2720687265663d276a6176617363726970743a6164645f6361727428322c31293b273e3c6920636c6173733d2766612d6677206661202066612d6172726f772d7570273e3c2f693e3c2f613e203c6120636c6173733d2762746e2062746e2d7761726e696e672062746e2d736d2720687265663d276a6176617363726970743a6164645f6361727428322c2d31293b273e3c6920636c6173733d2766612d6677206661202066612d6172726f772d646f776e273e3c2f693e3c2f613e20223b7d7d),
('153lcqmlqt20lm659t0mphrepkftrv8n', '10.1.0.5', 1497845561, 0x5f5f63695f6c6173745f726567656e65726174657c693a313439373834353532313b6964656e746974797c733a31353a2261646d696e4061646d696e2e636f6d223b656d61696c7c733a31353a2261646d696e4061646d696e2e636f6d223b757365725f69647c733a313a2231223b6f6c645f6c6173745f6c6f67696e7c733a31303a2231343937373839363538223b6c6173745f636865636b7c693a313439373834333635373b636172745f6974656d7c613a313a7b693a303b613a383a7b733a31303a2270726f647563745f6964223b733a313a2231223b733a31323a2270726f647563745f6e616d65223b733a35383a22e0b881e0b8a3e0b8ade0b887e0b899e0b989e0b8b3e0b8a1e0b8b1e0b899e0b980e0b884e0b8a3e0b8b7e0b988e0b8ade0b88720535452414441223b733a383a227175616e74697479223b733a3131373a223c696e70757420747970653d276e756d626572272070726f647563745f69643d27312720636c6173733d277175616e74697479272076616c75653d2733275c3e3c696e70757420747970653d2768696464656e2720636c6173733d277175616e746974795f315f70272076616c75653d2733275c3e223b733a31303a226e5f7175616e74697479223b693a333b733a32313a2270726f647563745f70726963655f73656c6c696e67223b733a353a223238353035223b733a363a22616d6f756e74223b733a37313a223c696e70757420747970653d276e756d6265722720636c6173733d27616d6f756e74272076616c75653d273835353135275c20726561646f6e6c793d27726561646f6e6c79273e223b733a383a226e5f616d6f756e74223b693a38353531353b733a363a22616374696f6e223b733a3231383a223c6120636c6173733d2762746e2062746e2d696e666f2062746e2d736d2720687265663d276a6176617363726970743a6164645f6361727428312c31293b273e3c6920636c6173733d2766612d6677206661202066612d6172726f772d7570273e3c2f693e3c2f613e203c6120636c6173733d2762746e2062746e2d7761726e696e672062746e2d736d2720687265663d276a6176617363726970743a6164645f6361727428312c2d31293b273e3c6920636c6173733d2766612d6677206661202066612d6172726f772d646f776e273e3c2f693e3c2f613e20223b7d7d),
('er7jgodk3o2en62s0f2f6qf0pada2ciq', '10.1.0.5', 1497846199, 0x5f5f63695f6c6173745f726567656e65726174657c693a313439373834353932393b6964656e746974797c733a31353a2261646d696e4061646d696e2e636f6d223b656d61696c7c733a31353a2261646d696e4061646d696e2e636f6d223b757365725f69647c733a313a2231223b6f6c645f6c6173745f6c6f67696e7c733a31303a2231343937373839363538223b6c6173745f636865636b7c693a313439373834333635373b636172745f6974656d7c613a313a7b693a303b613a383a7b733a31303a2270726f647563745f6964223b733a313a2232223b733a31323a2270726f647563745f6e616d65223b733a35383a22e0b881e0b8a3e0b8b0e0b888e0b881e0b8a1e0b8ade0b887e0b882e0b989e0b8b2e0b887e0b882e0b8a7e0b8b22de0b980e0b8a5e0b8a2e0b98c223b733a383a227175616e74697479223b733a3131373a223c696e70757420747970653d276e756d626572272070726f647563745f69643d27322720636c6173733d277175616e74697479272076616c75653d2733275c3e3c696e70757420747970653d2768696464656e2720636c6173733d277175616e746974795f325f70272076616c75653d2733275c3e223b733a31303a226e5f7175616e74697479223b693a333b733a32313a2270726f647563745f70726963655f73656c6c696e67223b733a333a22353730223b733a363a22616d6f756e74223b733a37303a223c696e70757420747970653d276e756d6265722720636c6173733d27616d6f756e74272076616c75653d2731373130275c20726561646f6e6c793d27726561646f6e6c79273e223b733a383a226e5f616d6f756e74223b693a313731303b733a363a22616374696f6e223b733a3231383a223c6120636c6173733d2762746e2062746e2d696e666f2062746e2d736d2720687265663d276a6176617363726970743a6164645f6361727428322c31293b273e3c6920636c6173733d2766612d6677206661202066612d6172726f772d7570273e3c2f693e3c2f613e203c6120636c6173733d2762746e2062746e2d7761726e696e672062746e2d736d2720687265663d276a6176617363726970743a6164645f6361727428322c2d31293b273e3c6920636c6173733d2766612d6677206661202066612d6172726f772d646f776e273e3c2f693e3c2f613e20223b7d7d),
('3t8sppms5tlcovir7n79qdmki7fc9iov', '10.1.0.5', 1497846385, 0x5f5f63695f6c6173745f726567656e65726174657c693a313439373834363334313b6964656e746974797c733a31353a2261646d696e4061646d696e2e636f6d223b656d61696c7c733a31353a2261646d696e4061646d696e2e636f6d223b757365725f69647c733a313a2231223b6f6c645f6c6173745f6c6f67696e7c733a31303a2231343937373839363538223b6c6173745f636865636b7c693a313439373834333635373b636172745f6974656d7c613a303a7b7d),
('e90q9gmvqlc64431122q3n9dhf6e72pk', '10.1.0.5', 1497848082, 0x5f5f63695f6c6173745f726567656e65726174657c693a313439373834373935313b6964656e746974797c733a31353a2261646d696e4061646d696e2e636f6d223b656d61696c7c733a31353a2261646d696e4061646d696e2e636f6d223b757365725f69647c733a313a2231223b6f6c645f6c6173745f6c6f67696e7c733a31303a2231343937373839363538223b6c6173745f636865636b7c693a313439373834333635373b636172745f6974656d7c613a313a7b693a303b613a383a7b733a31303a2270726f647563745f6964223b733a313a2232223b733a31323a2270726f647563745f6e616d65223b733a35383a22e0b881e0b8a3e0b8b0e0b888e0b881e0b8a1e0b8ade0b887e0b882e0b989e0b8b2e0b887e0b882e0b8a7e0b8b22de0b980e0b8a5e0b8a2e0b98c223b733a383a227175616e74697479223b733a3131373a223c696e70757420747970653d276e756d626572272070726f647563745f69643d27322720636c6173733d277175616e74697479272076616c75653d2733275c3e3c696e70757420747970653d2768696464656e2720636c6173733d277175616e746974795f325f70272076616c75653d2733275c3e223b733a31303a226e5f7175616e74697479223b693a333b733a32313a2270726f647563745f70726963655f73656c6c696e67223b733a333a22353730223b733a363a22616d6f756e74223b733a37303a223c696e70757420747970653d276e756d6265722720636c6173733d27616d6f756e74272076616c75653d2731373130275c20726561646f6e6c793d27726561646f6e6c79273e223b733a383a226e5f616d6f756e74223b693a313731303b733a363a22616374696f6e223b733a3231383a223c6120636c6173733d2762746e2062746e2d696e666f2062746e2d736d2720687265663d276a6176617363726970743a6164645f6361727428322c31293b273e3c6920636c6173733d2766612d6677206661202066612d6172726f772d7570273e3c2f693e3c2f613e203c6120636c6173733d2762746e2062746e2d7761726e696e672062746e2d736d2720687265663d276a6176617363726970743a6164645f6361727428322c2d31293b273e3c6920636c6173733d2766612d6677206661202066612d6172726f772d646f776e273e3c2f693e3c2f613e20223b7d7d),
('4a2e9kqt4mqu95mlrbgc2anisq74lg85', '10.1.0.5', 1497851268, 0x5f5f63695f6c6173745f726567656e65726174657c693a313439373835313230333b6964656e746974797c733a31353a2261646d696e4061646d696e2e636f6d223b656d61696c7c733a31353a2261646d696e4061646d696e2e636f6d223b757365725f69647c733a313a2231223b6f6c645f6c6173745f6c6f67696e7c733a31303a2231343937373839363538223b6c6173745f636865636b7c693a313439373834333635373b636172745f6974656d7c613a313a7b693a303b613a383a7b733a31303a2270726f647563745f6964223b733a313a2232223b733a31323a2270726f647563745f6e616d65223b733a35383a22e0b881e0b8a3e0b8b0e0b888e0b881e0b8a1e0b8ade0b887e0b882e0b989e0b8b2e0b887e0b882e0b8a7e0b8b22de0b980e0b8a5e0b8a2e0b98c223b733a383a227175616e74697479223b733a3131373a223c696e70757420747970653d276e756d626572272070726f647563745f69643d27322720636c6173733d277175616e74697479272076616c75653d2733275c3e3c696e70757420747970653d2768696464656e2720636c6173733d277175616e746974795f325f70272076616c75653d2733275c3e223b733a31303a226e5f7175616e74697479223b693a333b733a32313a2270726f647563745f70726963655f73656c6c696e67223b733a333a22353730223b733a363a22616d6f756e74223b733a37303a223c696e70757420747970653d276e756d6265722720636c6173733d27616d6f756e74272076616c75653d2731373130275c20726561646f6e6c793d27726561646f6e6c79273e223b733a383a226e5f616d6f756e74223b693a313731303b733a363a22616374696f6e223b733a3231383a223c6120636c6173733d2762746e2062746e2d696e666f2062746e2d736d2720687265663d276a6176617363726970743a6164645f6361727428322c31293b273e3c6920636c6173733d2766612d6677206661202066612d6172726f772d7570273e3c2f693e3c2f613e203c6120636c6173733d2762746e2062746e2d7761726e696e672062746e2d736d2720687265663d276a6176617363726970743a6164645f6361727428322c2d31293b273e3c6920636c6173733d2766612d6677206661202066612d6172726f772d646f776e273e3c2f693e3c2f613e20223b7d7d);
INSERT INTO `sessions` (`id`, `ip_address`, `timestamp`, `data`) VALUES
('sl57n3qdiu0s3dce9f3qjviumvcj7hp2', '10.1.0.5', 1497851862, 0x5f5f63695f6c6173745f726567656e65726174657c693a313439373835313630373b6964656e746974797c733a31353a2261646d696e4061646d696e2e636f6d223b656d61696c7c733a31353a2261646d696e4061646d696e2e636f6d223b757365725f69647c733a313a2231223b6f6c645f6c6173745f6c6f67696e7c733a31303a2231343937373839363538223b6c6173745f636865636b7c693a313439373834333635373b636172745f6974656d7c613a313a7b693a303b613a383a7b733a31303a2270726f647563745f6964223b733a313a2231223b733a31323a2270726f647563745f6e616d65223b733a35383a22e0b881e0b8a3e0b8ade0b887e0b899e0b989e0b8b3e0b8a1e0b8b1e0b899e0b980e0b884e0b8a3e0b8b7e0b988e0b8ade0b88720535452414441223b733a383a227175616e74697479223b733a3131373a223c696e70757420747970653d276e756d626572272070726f647563745f69643d27312720636c6173733d277175616e74697479272076616c75653d2732275c3e3c696e70757420747970653d2768696464656e2720636c6173733d277175616e746974795f315f70272076616c75653d2732275c3e223b733a31303a226e5f7175616e74697479223b693a323b733a32313a2270726f647563745f70726963655f73656c6c696e67223b733a353a223238353035223b733a363a22616d6f756e74223b733a37313a223c696e70757420747970653d276e756d6265722720636c6173733d27616d6f756e74272076616c75653d273537303130275c20726561646f6e6c793d27726561646f6e6c79273e223b733a383a226e5f616d6f756e74223b693a35373031303b733a363a22616374696f6e223b733a3231383a223c6120636c6173733d2762746e2062746e2d696e666f2062746e2d736d2720687265663d276a6176617363726970743a6164645f6361727428312c31293b273e3c6920636c6173733d2766612d6677206661202066612d6172726f772d7570273e3c2f693e3c2f613e203c6120636c6173733d2762746e2062746e2d7761726e696e672062746e2d736d2720687265663d276a6176617363726970743a6164645f6361727428312c2d31293b273e3c6920636c6173733d2766612d6677206661202066612d6172726f772d646f776e273e3c2f693e3c2f613e20223b7d7d),
('fiibiktp5shrv134a1b7sfk0eqkkk84p', '10.1.0.5', 1497852169, 0x5f5f63695f6c6173745f726567656e65726174657c693a313439373835323032353b6964656e746974797c733a31353a2261646d696e4061646d696e2e636f6d223b656d61696c7c733a31353a2261646d696e4061646d696e2e636f6d223b757365725f69647c733a313a2231223b6f6c645f6c6173745f6c6f67696e7c733a31303a2231343937373839363538223b6c6173745f636865636b7c693a313439373834333635373b636172745f6974656d7c613a323a7b693a303b613a383a7b733a31303a2270726f647563745f6964223b733a313a2231223b733a31323a2270726f647563745f6e616d65223b733a35383a22e0b881e0b8a3e0b8ade0b887e0b899e0b989e0b8b3e0b8a1e0b8b1e0b899e0b980e0b884e0b8a3e0b8b7e0b988e0b8ade0b88720535452414441223b733a383a227175616e74697479223b733a3131373a223c696e70757420747970653d276e756d626572272070726f647563745f69643d27312720636c6173733d277175616e74697479272076616c75653d2732275c3e3c696e70757420747970653d2768696464656e2720636c6173733d277175616e746974795f315f70272076616c75653d2732275c3e223b733a31303a226e5f7175616e74697479223b693a323b733a32313a2270726f647563745f70726963655f73656c6c696e67223b733a353a223238353035223b733a363a22616d6f756e74223b733a37313a223c696e70757420747970653d276e756d6265722720636c6173733d27616d6f756e74272076616c75653d273537303130275c20726561646f6e6c793d27726561646f6e6c79273e223b733a383a226e5f616d6f756e74223b693a35373031303b733a363a22616374696f6e223b733a3231383a223c6120636c6173733d2762746e2062746e2d696e666f2062746e2d736d2720687265663d276a6176617363726970743a6164645f6361727428312c31293b273e3c6920636c6173733d2766612d6677206661202066612d6172726f772d7570273e3c2f693e3c2f613e203c6120636c6173733d2762746e2062746e2d7761726e696e672062746e2d736d2720687265663d276a6176617363726970743a6164645f6361727428312c2d31293b273e3c6920636c6173733d2766612d6677206661202066612d6172726f772d646f776e273e3c2f693e3c2f613e20223b7d693a313b613a383a7b733a31303a2270726f647563745f6964223b733a313a2232223b733a31323a2270726f647563745f6e616d65223b733a35383a22e0b881e0b8a3e0b8b0e0b888e0b881e0b8a1e0b8ade0b887e0b882e0b989e0b8b2e0b887e0b882e0b8a7e0b8b22de0b980e0b8a5e0b8a2e0b98c223b733a383a227175616e74697479223b733a3131373a223c696e70757420747970653d276e756d626572272070726f647563745f69643d27322720636c6173733d277175616e74697479272076616c75653d2731275c3e3c696e70757420747970653d2768696464656e2720636c6173733d277175616e746974795f325f70272076616c75653d2731275c3e223b733a31303a226e5f7175616e74697479223b733a313a2231223b733a32313a2270726f647563745f70726963655f73656c6c696e67223b733a333a22353730223b733a363a22616d6f756e74223b733a36393a223c696e70757420747970653d276e756d6265722720636c6173733d27616d6f756e74272076616c75653d27353730275c20726561646f6e6c793d27726561646f6e6c79273e223b733a383a226e5f616d6f756e74223b693a3537303b733a363a22616374696f6e223b733a3231383a223c6120636c6173733d2762746e2062746e2d696e666f2062746e2d736d2720687265663d276a6176617363726970743a6164645f6361727428322c31293b273e3c6920636c6173733d2766612d6677206661202066612d6172726f772d7570273e3c2f693e3c2f613e203c6120636c6173733d2762746e2062746e2d7761726e696e672062746e2d736d2720687265663d276a6176617363726970743a6164645f6361727428322c2d31293b273e3c6920636c6173733d2766612d6677206661202066612d6172726f772d646f776e273e3c2f693e3c2f613e20223b7d7d),
('u2sm8nhb4rsjc22cbivv9i7q1116jds5', '10.1.0.5', 1497852528, 0x5f5f63695f6c6173745f726567656e65726174657c693a313439373835323335313b6964656e746974797c733a31353a2261646d696e4061646d696e2e636f6d223b656d61696c7c733a31353a2261646d696e4061646d696e2e636f6d223b757365725f69647c733a313a2231223b6f6c645f6c6173745f6c6f67696e7c733a31303a2231343937373839363538223b6c6173745f636865636b7c693a313439373834333635373b),
('vkpnn8c76muv9v69e451rmmdehf265f6', '10.1.0.5', 1497853248, 0x5f5f63695f6c6173745f726567656e65726174657c693a313439373835333039363b6964656e746974797c733a31353a2261646d696e4061646d696e2e636f6d223b656d61696c7c733a31353a2261646d696e4061646d696e2e636f6d223b757365725f69647c733a313a2231223b6f6c645f6c6173745f6c6f67696e7c733a31303a2231343937373839363538223b6c6173745f636865636b7c693a313439373834333635373b),
('f3v60k20m3ti1nu14e0l3a9d87vvdp2f', '10.1.0.5', 1497854414, 0x5f5f63695f6c6173745f726567656e65726174657c693a313439373835343137303b6964656e746974797c733a31353a2261646d696e4061646d696e2e636f6d223b656d61696c7c733a31353a2261646d696e4061646d696e2e636f6d223b757365725f69647c733a313a2231223b6f6c645f6c6173745f6c6f67696e7c733a31303a2231343937373839363538223b6c6173745f636865636b7c693a313439373834333635373b),
('hnr9uhtmcvsb5q7uuo08cjtupqpcfmpj', '10.1.0.5', 1497854588, 0x5f5f63695f6c6173745f726567656e65726174657c693a313439373835343438313b6964656e746974797c733a31353a2261646d696e4061646d696e2e636f6d223b656d61696c7c733a31353a2261646d696e4061646d696e2e636f6d223b757365725f69647c733a313a2231223b6f6c645f6c6173745f6c6f67696e7c733a31303a2231343937373839363538223b6c6173745f636865636b7c693a313439373834333635373b),
('cshqtturqa4dc57rop6s6b5s4q0mt3nn', '10.1.0.5', 1497855605, 0x5f5f63695f6c6173745f726567656e65726174657c693a313439373835353331323b6964656e746974797c733a31353a2261646d696e4061646d696e2e636f6d223b656d61696c7c733a31353a2261646d696e4061646d696e2e636f6d223b757365725f69647c733a313a2231223b6f6c645f6c6173745f6c6f67696e7c733a31303a2231343937373839363538223b6c6173745f636865636b7c693a313439373834333635373b),
('ssu2ojlktihjl3ugnrl6ssf6luukljq1', '10.1.0.5', 1497856022, 0x5f5f63695f6c6173745f726567656e65726174657c693a313439373835353734363b6964656e746974797c733a31353a2261646d696e4061646d696e2e636f6d223b656d61696c7c733a31353a2261646d696e4061646d696e2e636f6d223b757365725f69647c733a313a2231223b6f6c645f6c6173745f6c6f67696e7c733a31303a2231343937373839363538223b6c6173745f636865636b7c693a313439373834333635373b),
('1ja3hje2smcl5pq4b3824n50ocgrq92i', '10.1.0.5', 1497856389, 0x5f5f63695f6c6173745f726567656e65726174657c693a313439373835363131373b6964656e746974797c733a31353a2261646d696e4061646d696e2e636f6d223b656d61696c7c733a31353a2261646d696e4061646d696e2e636f6d223b757365725f69647c733a313a2231223b6f6c645f6c6173745f6c6f67696e7c733a31303a2231343937373839363538223b6c6173745f636865636b7c693a313439373834333635373b),
('13m73b58m43o3vonqmja3ae433o27hp6', '10.1.0.5', 1497856722, 0x5f5f63695f6c6173745f726567656e65726174657c693a313439373835363434353b6964656e746974797c733a31353a2261646d696e4061646d696e2e636f6d223b656d61696c7c733a31353a2261646d696e4061646d696e2e636f6d223b757365725f69647c733a313a2231223b6f6c645f6c6173745f6c6f67696e7c733a31303a2231343937373839363538223b6c6173745f636865636b7c693a313439373834333635373b),
('urvk4gtdlnnk6gen7q3d5873a54t2mem', '10.1.0.5', 1497857012, 0x5f5f63695f6c6173745f726567656e65726174657c693a313439373835363738303b6964656e746974797c733a31353a2261646d696e4061646d696e2e636f6d223b656d61696c7c733a31353a2261646d696e4061646d696e2e636f6d223b757365725f69647c733a313a2231223b6f6c645f6c6173745f6c6f67696e7c733a31303a2231343937373839363538223b6c6173745f636865636b7c693a313439373834333635373b),
('3huf53ltb2qru7uvirg4iftdle6t0f7r', '10.1.0.5', 1497857250, 0x5f5f63695f6c6173745f726567656e65726174657c693a313439373835373235303b6964656e746974797c733a31353a2261646d696e4061646d696e2e636f6d223b656d61696c7c733a31353a2261646d696e4061646d696e2e636f6d223b757365725f69647c733a313a2231223b6f6c645f6c6173745f6c6f67696e7c733a31303a2231343937373839363538223b6c6173745f636865636b7c693a313439373834333635373b),
('h7jp3rrrrvnghrr6mjh9bcuslae4k6d4', '10.1.0.5', 1497859999, 0x5f5f63695f6c6173745f726567656e65726174657c693a313439373835393737393b6964656e746974797c733a31353a2261646d696e4061646d696e2e636f6d223b656d61696c7c733a31353a2261646d696e4061646d696e2e636f6d223b757365725f69647c733a313a2231223b6f6c645f6c6173745f6c6f67696e7c733a31303a2231343937373839363538223b6c6173745f636865636b7c693a313439373834333635373b),
('4r5ksv6nftb4hvfci7u34agl1naqqll4', '10.1.0.5', 1497860391, 0x5f5f63695f6c6173745f726567656e65726174657c693a313439373836303131363b6964656e746974797c733a31353a2261646d696e4061646d696e2e636f6d223b656d61696c7c733a31353a2261646d696e4061646d696e2e636f6d223b757365725f69647c733a313a2231223b6f6c645f6c6173745f6c6f67696e7c733a31303a2231343937373839363538223b6c6173745f636865636b7c693a313439373834333635373b),
('p80ne4sg082h0qg2rmv7hah4gnleunb5', '10.1.0.5', 1497860719, 0x5f5f63695f6c6173745f726567656e65726174657c693a313439373836303434303b6964656e746974797c733a31353a2261646d696e4061646d696e2e636f6d223b656d61696c7c733a31353a2261646d696e4061646d696e2e636f6d223b757365725f69647c733a313a2231223b6f6c645f6c6173745f6c6f67696e7c733a31303a2231343937373839363538223b6c6173745f636865636b7c693a313439373834333635373b),
('bjfc6kt0hlpirmmi5nac72buq45qte24', '10.1.0.5', 1497861006, 0x5f5f63695f6c6173745f726567656e65726174657c693a313439373836303736323b6964656e746974797c733a31353a2261646d696e4061646d696e2e636f6d223b656d61696c7c733a31353a2261646d696e4061646d696e2e636f6d223b757365725f69647c733a313a2231223b6f6c645f6c6173745f6c6f67696e7c733a31303a2231343937373839363538223b6c6173745f636865636b7c693a313439373834333635373b),
('im3tfhj72a3bms32j9pvbec97f0ttpeo', '10.1.0.5', 1497861741, 0x5f5f63695f6c6173745f726567656e65726174657c693a313439373836313434393b6964656e746974797c733a31353a2261646d696e4061646d696e2e636f6d223b656d61696c7c733a31353a2261646d696e4061646d696e2e636f6d223b757365725f69647c733a313a2231223b6f6c645f6c6173745f6c6f67696e7c733a31303a2231343937373839363538223b6c6173745f636865636b7c693a313439373834333635373b),
('gkfljd9f8hfnls4ac4q0rcj72dgi1gdo', '10.1.0.5', 1497862027, 0x5f5f63695f6c6173745f726567656e65726174657c693a313439373836313735313b6964656e746974797c733a31353a2261646d696e4061646d696e2e636f6d223b656d61696c7c733a31353a2261646d696e4061646d696e2e636f6d223b757365725f69647c733a313a2231223b6f6c645f6c6173745f6c6f67696e7c733a31303a2231343937373839363538223b6c6173745f636865636b7c693a313439373834333635373b),
('79h2j44k6jhq738dprkm2pn941llbglp', '10.1.0.5', 1497862331, 0x5f5f63695f6c6173745f726567656e65726174657c693a313439373836323036353b6964656e746974797c733a31353a2261646d696e4061646d696e2e636f6d223b656d61696c7c733a31353a2261646d696e4061646d696e2e636f6d223b757365725f69647c733a313a2231223b6f6c645f6c6173745f6c6f67696e7c733a31303a2231343937373839363538223b6c6173745f636865636b7c693a313439373834333635373b),
('d9l4gufg3ht92mt3gskughebumovej8m', '10.1.0.5', 1497862815, 0x5f5f63695f6c6173745f726567656e65726174657c693a313439373836323537383b6964656e746974797c733a31353a2261646d696e4061646d696e2e636f6d223b656d61696c7c733a31353a2261646d696e4061646d696e2e636f6d223b757365725f69647c733a313a2231223b6f6c645f6c6173745f6c6f67696e7c733a31303a2231343937373839363538223b6c6173745f636865636b7c693a313439373834333635373b);

-- --------------------------------------------------------

--
-- Table structure for table `users`
--

DROP TABLE IF EXISTS `users`;
CREATE TABLE IF NOT EXISTS `users` (
  `id` int(11) unsigned NOT NULL AUTO_INCREMENT,
  `ip_address` varchar(45) NOT NULL,
  `username` varchar(100) DEFAULT NULL,
  `password` varchar(255) NOT NULL,
  `salt` varchar(255) DEFAULT NULL,
  `email` varchar(100) NOT NULL,
  `activation_code` varchar(40) DEFAULT NULL,
  `forgotten_password_code` varchar(40) DEFAULT NULL,
  `forgotten_password_time` int(11) unsigned DEFAULT NULL,
  `remember_code` varchar(40) DEFAULT NULL,
  `created_on` int(11) unsigned NOT NULL,
  `last_login` int(11) unsigned DEFAULT NULL,
  `active` tinyint(1) unsigned DEFAULT NULL,
  `first_name` varchar(50) DEFAULT NULL,
  `last_name` varchar(50) DEFAULT NULL,
  `company` varchar(100) DEFAULT NULL,
  `branch` varchar(100) DEFAULT NULL,
  `phone` varchar(20) DEFAULT NULL,
  PRIMARY KEY (`id`)
) ENGINE=InnoDB  DEFAULT CHARSET=utf8 AUTO_INCREMENT=3 ;

--
-- Dumping data for table `users`
--

INSERT INTO `users` (`id`, `ip_address`, `username`, `password`, `salt`, `email`, `activation_code`, `forgotten_password_code`, `forgotten_password_time`, `remember_code`, `created_on`, `last_login`, `active`, `first_name`, `last_name`, `company`, `branch`, `phone`) VALUES
(1, '127.0.0.1', 'administrator', '$2a$07$SeBknntpZror9uyftVopmu61qg0ms8Qv1yV6FG.kQOSM.9QhmTo36', '', 'admin@admin.com', '', 'MEYMvFPJzK9kcLEdqqMhwu0b6142ac9bc3b69fb1', 1495649960, NULL, 1268889823, 1497843657, 1, 'Admin', 'istrator', 'ADMIN', NULL, '0'),
(2, '::1', 'ad2@ad.com', '$2y$08$/wakpgz4qSUwlLVnPqLmLeEC38WxnnGf/m8wFF2ior262H0TnUvm2', NULL, 'ad2@ad.com', NULL, NULL, NULL, NULL, 1497202309, NULL, 1, 'sss', 'jj', NULL, NULL, 'jjj');

-- --------------------------------------------------------

--
-- Table structure for table `users_groups`
--

DROP TABLE IF EXISTS `users_groups`;
CREATE TABLE IF NOT EXISTS `users_groups` (
  `id` int(11) unsigned NOT NULL AUTO_INCREMENT,
  `user_id` int(11) unsigned NOT NULL,
  `group_id` mediumint(8) unsigned NOT NULL,
  PRIMARY KEY (`id`),
  UNIQUE KEY `uc_users_groups` (`user_id`,`group_id`),
  KEY `fk_users_groups_users1_idx` (`user_id`),
  KEY `fk_users_groups_groups1_idx` (`group_id`)
) ENGINE=InnoDB  DEFAULT CHARSET=utf8 AUTO_INCREMENT=4 ;

--
-- Dumping data for table `users_groups`
--

INSERT INTO `users_groups` (`id`, `user_id`, `group_id`) VALUES
(1, 1, 1),
(2, 1, 2),
(3, 2, 2);

--
-- Constraints for dumped tables
--

--
-- Constraints for table `users_groups`
--
ALTER TABLE `users_groups`
  ADD CONSTRAINT `fk_users_groups_groups1` FOREIGN KEY (`group_id`) REFERENCES `groups` (`id`) ON DELETE CASCADE ON UPDATE NO ACTION,
  ADD CONSTRAINT `fk_users_groups_users1` FOREIGN KEY (`user_id`) REFERENCES `users` (`id`) ON DELETE CASCADE ON UPDATE NO ACTION;

/*!40101 SET CHARACTER_SET_CLIENT=@OLD_CHARACTER_SET_CLIENT */;
/*!40101 SET CHARACTER_SET_RESULTS=@OLD_CHARACTER_SET_RESULTS */;
/*!40101 SET COLLATION_CONNECTION=@OLD_COLLATION_CONNECTION */;
