-- --------------------------------------------------------
-- Host:                         127.0.0.1
-- Server version:               10.1.21-MariaDB - mariadb.org binary distribution
-- Server OS:                    Win32
-- HeidiSQL Version:             9.4.0.5125
-- --------------------------------------------------------

/*!40101 SET @OLD_CHARACTER_SET_CLIENT=@@CHARACTER_SET_CLIENT */;
/*!40101 SET NAMES utf8 */;
/*!50503 SET NAMES utf8mb4 */;
/*!40014 SET @OLD_FOREIGN_KEY_CHECKS=@@FOREIGN_KEY_CHECKS, FOREIGN_KEY_CHECKS=0 */;
/*!40101 SET @OLD_SQL_MODE=@@SQL_MODE, SQL_MODE='NO_AUTO_VALUE_ON_ZERO' */;


-- Dumping database structure for stock
CREATE DATABASE IF NOT EXISTS `stock` /*!40100 DEFAULT CHARACTER SET latin1 */;
USE `stock`;

-- Dumping structure for table stock.branchs
DROP TABLE IF EXISTS `branchs`;
CREATE TABLE IF NOT EXISTS `branchs` (
  `id` int(11) unsigned NOT NULL COMMENT 'auto',
  `name` varchar(250) DEFAULT NULL,
  `email` varchar(200) DEFAULT NULL,
  `address` text,
  `phone` text,
  `mobile` text,
  `logo_path` text,
  `pm_set` int(11) DEFAULT NULL,
  `active` tinyint(1) DEFAULT '1',
  `created_at` datetime DEFAULT NULL,
  `updated_at` datetime DEFAULT NULL,
  `deleted_at` datetime DEFAULT NULL,
  `created_by` int(11) DEFAULT NULL,
  `updated_by` int(11) DEFAULT NULL,
  `deleted_by` int(11) DEFAULT NULL,
  PRIMARY KEY (`id`)
) ENGINE=InnoDB DEFAULT CHARSET=utf8;

-- Dumping data for table stock.branchs: ~2 rows (approximately)
DELETE FROM `branchs`;
/*!40000 ALTER TABLE `branchs` DISABLE KEYS */;
INSERT INTO `branchs` (`id`, `name`, `email`, `address`, `phone`, `mobile`, `logo_path`, `pm_set`, `active`, `created_at`, `updated_at`, `deleted_at`, `created_by`, `updated_by`, `deleted_by`) VALUES
	(0, 'WANGNOI', NULL, NULL, NULL, NULL, NULL, NULL, 1, '2017-07-02 19:54:03', NULL, NULL, 1, NULL, NULL),
	(1, 'Test Branch', 'Branch@Branch.com', '333/3 ถนนวิภาวดีรังสิต แขวงจอมพล เขตจตุจักร กรุงเทพมหานคร', '02-033-9998', '02-033-9997', NULL, NULL, 1, '2017-06-07 00:00:00', '2017-06-07 12:08:18', NULL, 1, 1, NULL),
	(2, 'การไฟฟ้านครหลวง', 'webmaster@mea.or.th', 'เลขที่ 30 ซอยชิดลม ถนนเพลินจิต แขวงลุมพินี เขตปทุมวัน กรุงเทพมหานคร 10330', '', '', NULL, NULL, 1, NULL, '2017-06-07 12:14:50', NULL, 1, 1, NULL);
/*!40000 ALTER TABLE `branchs` ENABLE KEYS */;

-- Dumping structure for table stock.category
DROP TABLE IF EXISTS `category`;
CREATE TABLE IF NOT EXISTS `category` (
  `cat_id` int(11) unsigned NOT NULL,
  `cat_name` varchar(255) DEFAULT NULL,
  `cat_desc` text,
  `parent_cat_id` int(11) DEFAULT NULL,
  `active` tinyint(1) NOT NULL DEFAULT '1',
  `created_at` datetime DEFAULT NULL,
  `updated_at` datetime DEFAULT NULL,
  `deleted_at` datetime DEFAULT NULL,
  `created_by` int(11) DEFAULT NULL,
  `updated_by` int(11) DEFAULT NULL,
  `deleted_by` int(11) DEFAULT NULL,
  PRIMARY KEY (`cat_id`)
) ENGINE=InnoDB DEFAULT CHARSET=utf8;

-- Dumping data for table stock.category: ~5 rows (approximately)
DELETE FROM `category`;
/*!40000 ALTER TABLE `category` DISABLE KEYS */;
INSERT INTO `category` (`cat_id`, `cat_name`, `cat_desc`, `parent_cat_id`, `active`, `created_at`, `updated_at`, `deleted_at`, `created_by`, `updated_by`, `deleted_by`) VALUES
	(1, 'PWT', 'PWT', NULL, 1, '2017-06-06 00:00:00', '2017-06-06 00:00:00', NULL, 1, 1, NULL),
	(2, 'CIMC', 'CIMC', NULL, 1, '2017-06-06 00:00:00', '2017-06-06 00:00:00', NULL, 1, 1, NULL),
	(3, 'YORK', 'YORK', NULL, 1, '2017-06-06 00:00:00', '2017-06-06 00:00:00', NULL, 1, 1, NULL),
	(4, 'CW-TEST', 'CW-TEST Description', NULL, 0, '2017-06-06 15:50:15', '2017-06-06 15:50:15', NULL, 1, 1, NULL),
	(5, 'CW-TEST2', 'CW-TEST2 Description Edited 2', NULL, 0, '2017-06-06 15:50:34', '2017-06-07 10:05:01', NULL, 1, 1, NULL);
/*!40000 ALTER TABLE `category` ENABLE KEYS */;

-- Dumping structure for table stock.groups
DROP TABLE IF EXISTS `groups`;
CREATE TABLE IF NOT EXISTS `groups` (
  `id` mediumint(8) unsigned NOT NULL AUTO_INCREMENT,
  `name` varchar(20) NOT NULL,
  `description` varchar(100) NOT NULL,
  PRIMARY KEY (`id`)
) ENGINE=InnoDB AUTO_INCREMENT=3 DEFAULT CHARSET=utf8;

-- Dumping data for table stock.groups: ~2 rows (approximately)
DELETE FROM `groups`;
/*!40000 ALTER TABLE `groups` DISABLE KEYS */;
INSERT INTO `groups` (`id`, `name`, `description`) VALUES
	(1, 'admin', 'Administrator'),
	(2, 'members', 'General User');
/*!40000 ALTER TABLE `groups` ENABLE KEYS */;

-- Dumping structure for table stock.login_attempts
DROP TABLE IF EXISTS `login_attempts`;
CREATE TABLE IF NOT EXISTS `login_attempts` (
  `id` int(11) unsigned NOT NULL AUTO_INCREMENT,
  `ip_address` varchar(15) NOT NULL,
  `login` varchar(100) NOT NULL,
  `time` int(11) unsigned DEFAULT NULL,
  PRIMARY KEY (`id`)
) ENGINE=InnoDB DEFAULT CHARSET=utf8;

-- Dumping data for table stock.login_attempts: ~0 rows (approximately)
DELETE FROM `login_attempts`;
/*!40000 ALTER TABLE `login_attempts` DISABLE KEYS */;
/*!40000 ALTER TABLE `login_attempts` ENABLE KEYS */;

-- Dumping structure for table stock.options
DROP TABLE IF EXISTS `options`;
CREATE TABLE IF NOT EXISTS `options` (
  `option_id` bigint(20) unsigned NOT NULL AUTO_INCREMENT,
  `option_name` varchar(64) NOT NULL DEFAULT '',
  `option_value` longtext NOT NULL,
  `autoload` varchar(20) NOT NULL DEFAULT 'yes',
  PRIMARY KEY (`option_id`),
  UNIQUE KEY `option_name` (`option_name`)
) ENGINE=InnoDB AUTO_INCREMENT=3 DEFAULT CHARSET=utf8;

-- Dumping data for table stock.options: ~2 rows (approximately)
DELETE FROM `options`;
/*!40000 ALTER TABLE `options` DISABLE KEYS */;
INSERT INTO `options` (`option_id`, `option_name`, `option_value`, `autoload`) VALUES
	(1, 'date_format', 'd-M-Y', 'yes'),
	(2, 'date_format_js', 'dd-mm-yy', 'yes');
/*!40000 ALTER TABLE `options` ENABLE KEYS */;

-- Dumping structure for table stock.order_status
DROP TABLE IF EXISTS `order_status`;
CREATE TABLE IF NOT EXISTS `order_status` (
  `id` int(11) NOT NULL AUTO_INCREMENT,
  `status` varchar(2) NOT NULL,
  `status_desc` varchar(100) NOT NULL,
  `active` tinyint(1) NOT NULL DEFAULT '1',
  PRIMARY KEY (`id`)
) ENGINE=InnoDB AUTO_INCREMENT=5 DEFAULT CHARSET=utf8 COMMENT='สถานะของ order';

-- Dumping data for table stock.order_status: ~4 rows (approximately)
DELETE FROM `order_status`;
/*!40000 ALTER TABLE `order_status` DISABLE KEYS */;
INSERT INTO `order_status` (`id`, `status`, `status_desc`, `active`) VALUES
	(1, 'A', 'Approved', 1),
	(2, 'W', 'Wait for Approve', 1),
	(3, 'C', 'Canceled', 1),
	(4, 'R', 'Rejected', 1);
/*!40000 ALTER TABLE `order_status` ENABLE KEYS */;

-- Dumping structure for table stock.products
DROP TABLE IF EXISTS `products`;
CREATE TABLE IF NOT EXISTS `products` (
  `product_id` int(11) unsigned NOT NULL AUTO_INCREMENT,
  `product_code` varchar(255) NOT NULL,
  `product_name` varchar(255) DEFAULT NULL,
  `product_number` varchar(255) DEFAULT NULL,
  `product_desc` text,
  `product_price_selling` double DEFAULT '0',
  `product_price_purchasing` double DEFAULT '0',
  `product_branch_origin` int(11) unsigned NOT NULL,
  `product_branch_present` int(11) unsigned NOT NULL,
  `unit` varchar(200) NOT NULL,
  `cat_id` int(11) unsigned NOT NULL,
  `quantity` int(11) unsigned DEFAULT NULL,
  `parent_product_id` int(11) DEFAULT NULL,
  `active` tinyint(1) NOT NULL DEFAULT '1',
  `created_at` datetime DEFAULT NULL,
  `updated_at` datetime DEFAULT NULL,
  `deleted_at` datetime DEFAULT NULL,
  `created_by` int(11) DEFAULT NULL,
  `updated_by` int(11) DEFAULT NULL,
  `deleted_by` int(11) DEFAULT NULL,
  PRIMARY KEY (`product_id`),
  UNIQUE KEY `product_code` (`product_code`)
) ENGINE=InnoDB AUTO_INCREMENT=1328 DEFAULT CHARSET=utf8;



-- Dumping structure for table stock.product_conditions
DROP TABLE IF EXISTS `product_conditions`;
CREATE TABLE IF NOT EXISTS `product_conditions` (
  `product_id` int(11) unsigned NOT NULL,
  `quantity_min` int(11) unsigned NOT NULL,
  `quantity_max` int(11) unsigned NOT NULL
) ENGINE=InnoDB DEFAULT CHARSET=utf8;

-- Dumping data for table stock.product_conditions: ~0 rows (approximately)
DELETE FROM `product_conditions`;
/*!40000 ALTER TABLE `product_conditions` DISABLE KEYS */;
/*!40000 ALTER TABLE `product_conditions` ENABLE KEYS */;

-- Dumping structure for table stock.product_images
DROP TABLE IF EXISTS `product_images`;
CREATE TABLE IF NOT EXISTS `product_images` (
  `image_id` int(11) unsigned NOT NULL AUTO_INCREMENT,
  `image_desc` text,
  `image_name` varchar(255) DEFAULT NULL,
  `image_data` text,
  `image_path` text,
  `product_id` int(11) NOT NULL,
  `active` tinyint(1) NOT NULL DEFAULT '1',
  `created_at` datetime DEFAULT NULL,
  `updated_at` datetime DEFAULT NULL,
  `deleted_at` datetime DEFAULT NULL,
  `created_by` int(11) DEFAULT NULL,
  `updated_by` int(11) DEFAULT NULL,
  `deleted_by` int(11) DEFAULT NULL,
  PRIMARY KEY (`image_id`)
) ENGINE=InnoDB AUTO_INCREMENT=45 DEFAULT CHARSET=utf8;

-- Dumping data for table stock.product_images: ~32 rows (approximately)
DELETE FROM `product_images`;
/*!40000 ALTER TABLE `product_images` DISABLE KEYS */;
INSERT INTO `product_images` (`image_id`, `image_desc`, `image_name`, `image_data`, `image_path`, `product_id`, `active`, `created_at`, `updated_at`, `deleted_at`, `created_by`, `updated_by`, `deleted_by`) VALUES
	(22, NULL, 'PROD-64.jpg', '{"file_name":"PROD-64.jpg","file_type":"image\\/jpeg","file_path":"C:\\/Repo\\/Joe\\/stock\\/htdocs\\/products\\/images\\/1\\/","full_path":"C:\\/Repo\\/Joe\\/stock\\/htdocs\\/products\\/images\\/1\\/PROD-64.jpg","raw_name":"PROD-64","orig_name":"PROD-.jpg","client_name":"divorce-icon2.jpg","file_ext":".jpg","file_size":3.79,"is_image":true,"image_width":170,"image_height":170,"image_type":"jpeg","image_size_str":"width=\\"170\\" height=\\"170\\""}', '1/PROD-64.jpg', 1, 1, '2017-07-02 14:08:56', NULL, NULL, 1, NULL, NULL),
	(34, NULL, 'PROD-.png', '{"file_name":"PROD-.png","file_type":"image\\/png","file_path":"C:\\/Repo\\/Joe\\/stock\\/htdocs\\/products\\/images\\/3\\/","full_path":"C:\\/Repo\\/Joe\\/stock\\/htdocs\\/products\\/images\\/3\\/PROD-.png","raw_name":"PROD-","orig_name":"PROD-.png","client_name":"cripple-flat.png","file_ext":".png","file_size":45.94,"is_image":true,"image_width":170,"image_height":170,"image_type":"png","image_size_str":"width=\\"170\\" height=\\"170\\""}', '3/PROD-.png', 3, 1, '2017-07-02 14:17:48', NULL, NULL, 1, NULL, NULL),
	(37, NULL, 'PROD-1.jpg', '{"file_name":"PROD-1.jpg","file_type":"image\\/jpeg","file_path":"C:\\/Repo\\/Joe\\/stock\\/htdocs\\/products\\/images\\/3\\/","full_path":"C:\\/Repo\\/Joe\\/stock\\/htdocs\\/products\\/images\\/3\\/PROD-1.jpg","raw_name":"PROD-1","orig_name":"PROD-.jpg","client_name":"depositphotos_57158609-stock-illustration-cripple-flat-blue-simple-icon.jpg","file_ext":".jpg","file_size":7.62,"is_image":true,"image_width":170,"image_height":170,"image_type":"jpeg","image_size_str":"width=\\"170\\" height=\\"170\\""}', '3/PROD-1.jpg', 3, 1, '2017-07-02 14:17:48', NULL, NULL, 1, NULL, NULL),
	(38, NULL, 'PROD-2.png', '{"file_name":"PROD-2.png","file_type":"image\\/png","file_path":"C:\\/Repo\\/Joe\\/stock\\/htdocs\\/products\\/images\\/3\\/","full_path":"C:\\/Repo\\/Joe\\/stock\\/htdocs\\/products\\/images\\/3\\/PROD-2.png","raw_name":"PROD-2","orig_name":"PROD-.png","client_name":"divorce-gray.png","file_ext":".png","file_size":25.48,"is_image":true,"image_width":170,"image_height":170,"image_type":"png","image_size_str":"width=\\"170\\" height=\\"170\\""}', '3/PROD-2.png', 3, 1, '2017-07-02 14:17:48', NULL, NULL, 1, NULL, NULL),
	(39, NULL, 'PROD-3.png', '{"file_name":"PROD-3.png","file_type":"image\\/png","file_path":"C:\\/Repo\\/Joe\\/stock\\/htdocs\\/products\\/images\\/3\\/","full_path":"C:\\/Repo\\/Joe\\/stock\\/htdocs\\/products\\/images\\/3\\/PROD-3.png","raw_name":"PROD-3","orig_name":"PROD-.png","client_name":"divorce-icon-1.png","file_ext":".png","file_size":10.54,"is_image":true,"image_width":250,"image_height":253,"image_type":"png","image_size_str":"width=\\"250\\" height=\\"253\\""}', '3/PROD-3.png', 3, 1, '2017-07-02 14:17:48', NULL, NULL, 1, NULL, NULL),
	(41, NULL, 'PROD-4.png', '{"file_name":"PROD-4.png","file_type":"image\\/png","file_path":"C:\\/Repo\\/Joe\\/stock\\/htdocs\\/products\\/images\\/3\\/","full_path":"C:\\/Repo\\/Joe\\/stock\\/htdocs\\/products\\/images\\/3\\/PROD-4.png","raw_name":"PROD-4","orig_name":"PROD-.png","client_name":"divorce-red.png","file_ext":".png","file_size":27.4,"is_image":true,"image_width":170,"image_height":170,"image_type":"png","image_size_str":"width=\\"170\\" height=\\"170\\""}', '3/PROD-4.png', 3, 1, '2017-07-02 14:17:48', NULL, NULL, 1, NULL, NULL),
	(43, NULL, 'DadnMon', '{"file_name":"DadnMon.jpeg","file_type":"image\\/jpeg","file_path":"C:\\/Repo\\/Joe\\/stock\\/htdocs\\/products\\/images\\/1\\/","full_path":"C:\\/Repo\\/Joe\\/stock\\/htdocs\\/products\\/images\\/1\\/DadnMon.jpeg","raw_name":"DadnMon","orig_name":"DadnMon.jpeg","client_name":"DadnMon.jpeg","file_ext":".jpeg","file_size":23.11,"is_image":true,"image_width":498,"image_height":417,"image_type":"jpeg","image_size_str":"width=\\"498\\" height=\\"417\\""}', '1/DadnMon.jpeg', 1, 1, '2017-07-02 16:04:14', NULL, NULL, 1, NULL, NULL),
	(44, NULL, 'flood_icon', '{"file_name":"flood_icon.png","file_type":"image\\/png","file_path":"C:\\/Repo\\/Joe\\/stock\\/htdocs\\/products\\/images\\/1\\/","full_path":"C:\\/Repo\\/Joe\\/stock\\/htdocs\\/products\\/images\\/1\\/flood_icon.png","raw_name":"flood_icon","orig_name":"flood_icon.png","client_name":"flood_icon.png","file_ext":".png","file_size":91.98,"is_image":true,"image_width":1200,"image_height":630,"image_type":"png","image_size_str":"width=\\"1200\\" height=\\"630\\""}', '1/flood_icon.png', 1, 1, '2017-07-02 16:04:55', NULL, NULL, 1, NULL, NULL);
/*!40000 ALTER TABLE `product_images` ENABLE KEYS */;

-- Dumping structure for table stock.product_transfers
DROP TABLE IF EXISTS `product_transfers`;
CREATE TABLE IF NOT EXISTS `product_transfers` (
  `trans_id` int(11) NOT NULL AUTO_INCREMENT,
  `trans_no` varchar(15) NOT NULL,
  `branch_from` int(11) NOT NULL,
  `branch_to` int(11) NOT NULL,
  `product_id` int(11) NOT NULL,
  `regis_date` datetime NOT NULL,
  `quantity` double NOT NULL,
  `status` varchar(100) DEFAULT NULL,
  `remark` text,
  `created_at` datetime DEFAULT NULL,
  `updated_at` datetime DEFAULT NULL,
  `deleted_at` datetime DEFAULT NULL,
  `created_by` int(11) DEFAULT NULL,
  `updated_by` int(11) DEFAULT NULL,
  `deleted_by` int(11) DEFAULT NULL,
  PRIMARY KEY (`trans_id`),
  UNIQUE KEY `UNI_KEY` (`trans_no`,`branch_from`,`branch_to`,`product_id`)
) ENGINE=InnoDB DEFAULT CHARSET=utf8;

-- Dumping data for table stock.product_transfers: ~0 rows (approximately)
DELETE FROM `product_transfers`;
/*!40000 ALTER TABLE `product_transfers` DISABLE KEYS */;
/*!40000 ALTER TABLE `product_transfers` ENABLE KEYS */;

-- Dumping structure for table stock.reason
DROP TABLE IF EXISTS `reason`;
CREATE TABLE IF NOT EXISTS `reason` (
  `reason_id` int(11) NOT NULL,
  `reason_title` varchar(255) NOT NULL,
  `reason_desc` text,
  `active` tinyint(1) NOT NULL DEFAULT '1',
  `created_at` datetime DEFAULT NULL,
  `updated_at` datetime DEFAULT NULL,
  `deleted_at` datetime DEFAULT NULL,
  `created_by` int(11) DEFAULT NULL,
  `updated_by` int(11) DEFAULT NULL,
  `deleted_by` int(11) DEFAULT NULL,
  PRIMARY KEY (`reason_id`)
) ENGINE=InnoDB DEFAULT CHARSET=utf8;

-- Dumping data for table stock.reason: ~1 rows (approximately)
DELETE FROM `reason`;
/*!40000 ALTER TABLE `reason` DISABLE KEYS */;
INSERT INTO `reason` (`reason_id`, `reason_title`, `reason_desc`, `active`, `created_at`, `updated_at`, `deleted_at`, `created_by`, `updated_by`, `deleted_by`) VALUES
	(1, 'ตัด Stock2', 'ตัด Stock desc 2', 1, '0000-00-00 00:00:00', '2017-06-07 12:40:09', NULL, 1, 1, NULL);
/*!40000 ALTER TABLE `reason` ENABLE KEYS */;

-- Dumping structure for table stock.sale_order
DROP TABLE IF EXISTS `sale_order`;
CREATE TABLE IF NOT EXISTS `sale_order` (
  `order_no` varchar(15) NOT NULL COMMENT 'เลขที่ order ขึ้นด้วยด้วย OD แต่ถ้าเป็น transfer จะขึ้นต้นด้วย TR',
  `order_type` varchar(2) NOT NULL DEFAULT 'OD' COMMENT 'OD:Order, TR:Transfer',
  `order_subtotal` double NOT NULL COMMENT 'ยอดรวมของ order ก่อน vat และ discount',
  `order_discount` double NOT NULL COMMENT 'ส่วนลดเป็นจำนวนเงิน',
  `order_tax` double NOT NULL COMMENT 'Vat เป็น % เช่น7',
  `order_total` double NOT NULL COMMENT 'ยอดรวมหลักหักส่วนลดและ Vat',
  `reason_id` int(11) NOT NULL,
  `branchs_id` int(11) NOT NULL COMMENT 'สาขาที่ทำรายการ (ดึงมาจาก User login)',
  `branchs_id_to` int(11) DEFAULT NULL COMMENT 'สาขาปลายทางที่จะทำการ Transfer',
  `order_ship_name` varchar(255) DEFAULT NULL COMMENT 'ชื่อสถานที่ส่งสินค้า',
  `order_ship_tel` varchar(20) DEFAULT NULL COMMENT 'เบอร์โทรที่ส่งสินค้า',
  `order_ship_address` text COMMENT 'ที่อยู่จัดส่งสินค้า',
  `order_billing_name` varchar(255) DEFAULT NULL COMMENT 'ชื่อแสดงในใบเสร็จและ PO',
  `order_billing_tel` varchar(20) DEFAULT NULL COMMENT 'เบอร์โทรในใบเสร็จและ PO',
  `order_billing_address` text COMMENT 'ที่อยู่ในใบเสร็จและ PO',
  `order_desc` text COMMENT 'รายละเอียดอื่นๆ ถ้ามี',
  `order_remark` text NOT NULL,
  `order_cancel_remark` text COMMENT 'เหตุผลในการยกเลิก',
  `order_status` varchar(1) NOT NULL COMMENT '''A'' = Approved, ''W'' = Wait for Approve, ''R'' = Reject, ''C'' = Cancel',
  `active` tinyint(1) NOT NULL DEFAULT '1',
  `created_at` datetime NOT NULL,
  `created_by` int(11) NOT NULL,
  `updated_at` datetime NOT NULL,
  `updated_by` int(11) NOT NULL,
  PRIMARY KEY (`order_no`)
) ENGINE=InnoDB DEFAULT CHARSET=utf8 COMMENT='ตารางเพื่อเก็บข้อมูลการขายสินค้าและtransfer';

-- Dumping data for table stock.sale_order: ~10 rows (approximately)
DELETE FROM `sale_order`;
/*!40000 ALTER TABLE `sale_order` DISABLE KEYS */;
INSERT INTO `sale_order` (`order_no`, `order_type`, `order_subtotal`, `order_discount`, `order_tax`, `order_total`, `reason_id`, `branchs_id`, `branchs_id_to`, `order_ship_name`, `order_ship_tel`, `order_ship_address`, `order_billing_name`, `order_billing_tel`, `order_billing_address`, `order_desc`, `order_remark`, `order_cancel_remark`, `order_status`, `active`, `created_at`, `created_by`, `updated_at`, `updated_by`) VALUES
	('OD20170618-4826', 'OD', 30215, 215, 7, 27900, 0, 1, NULL, NULL, NULL, NULL, NULL, NULL, NULL, NULL, 'กรุณาระบุเหตุผลทุกครั้ง', NULL, 'C', 1, '2017-06-18 14:46:48', 1, '2017-06-18 14:46:48', 1),
	('OD20170618-6364', 'OD', 59290, 95, 7, 55051.35, 0, 1, NULL, NULL, NULL, NULL, NULL, NULL, NULL, NULL, 'กรุณาระบุเหตุผลทุกครั้ง', 'ทดสอบยกเลิก', 'W', 1, '2017-06-18 13:22:15', 1, '2017-06-18 13:22:15', 1),
	('OD20170618-7924', 'OD', 30215, 6, 7, 28094.37, 0, 1, NULL, 's', NULL, 'sa', 'b', NULL, 'ba', NULL, 'remark', 'ทดสอบยกเลิก', 'C', 1, '2017-06-18 17:58:36', 1, '2017-06-18 17:58:36', 1),
	('TR20170624-1627', 'TR', 57010, 0, 0, 57010, 0, 1, 2, NULL, NULL, NULL, NULL, NULL, NULL, NULL, 'test transfer 2', NULL, 'C', 1, '2017-06-24 06:59:23', 1, '2017-06-24 06:59:23', 1),
	('TR20170624-2352', 'TR', 171030, 0, 0, 171030, 0, 1, 2, NULL, NULL, NULL, NULL, NULL, NULL, NULL, 'test transfer : branch1 to branch2 , Product 1 qty=6', NULL, 'C', 1, '2017-06-24 07:01:54', 1, '2017-06-24 07:01:54', 1),
	('TR20170624-3418', 'TR', 28505, 0, 0, 28505, 0, 1, 2, NULL, NULL, NULL, NULL, NULL, NULL, NULL, 'Test Transfer', NULL, 'A', 1, '2017-06-24 05:47:52', 1, '2017-06-24 05:47:52', 1),
	('TR20170624-4512', 'TR', 114020, 0, 0, 114020, 0, 1, 2, NULL, NULL, NULL, NULL, NULL, NULL, NULL, 'Transfer', NULL, 'A', 1, '2017-06-24 06:50:20', 1, '2017-06-24 06:50:20', 1),
	('TR20170624-8572', 'TR', 171030, 0, 0, 171030, 0, 1, 2, NULL, NULL, NULL, NULL, NULL, NULL, NULL, 'taet 4', NULL, 'C', 1, '2017-06-24 07:06:10', 1, '2017-06-24 07:06:10', 1),
	('TR20170702-2565', 'TR', 114020, 10, 0, 114010, 0, 1, 1, NULL, NULL, NULL, NULL, NULL, NULL, NULL, '10', NULL, 'W', 1, '2017-07-02 19:43:22', 1, '2017-07-02 19:43:22', 1),
	('TR20170702-4845', 'TR', 57010, 0, 0, 57010, 0, 1, 2, NULL, NULL, NULL, NULL, NULL, NULL, NULL, 'test transfer', NULL, 'R', 1, '2017-07-02 05:03:09', 1, '2017-07-02 05:03:09', 1),
	('TR20170702-8953', 'TR', 570, 0, 0, 570, 0, 1, 1, NULL, NULL, NULL, NULL, NULL, NULL, NULL, 'remark', NULL, 'C', 1, '2017-07-02 04:18:56', 1, '2017-07-02 04:18:56', 1);
/*!40000 ALTER TABLE `sale_order` ENABLE KEYS */;

-- Dumping structure for table stock.sale_order_item
DROP TABLE IF EXISTS `sale_order_item`;
CREATE TABLE IF NOT EXISTS `sale_order_item` (
  `order_no` varchar(15) NOT NULL,
  `product_id` int(11) NOT NULL,
  `unit_price` double NOT NULL COMMENT 'ราคาต่อหน่วย ณ ตอนสร้าง PO',
  `quantity` double NOT NULL COMMENT 'จำนวนสินค้า ชิ้น',
  `amount` double NOT NULL COMMENT 'ยอดรวมราคาสินค้า',
  PRIMARY KEY (`order_no`,`product_id`)
) ENGINE=InnoDB DEFAULT CHARSET=utf8 COMMENT='ตารางเพื่อเก็บรายการสินค้าใน order';

-- Dumping data for table stock.sale_order_item: ~13 rows (approximately)
DELETE FROM `sale_order_item`;
/*!40000 ALTER TABLE `sale_order_item` DISABLE KEYS */;
INSERT INTO `sale_order_item` (`order_no`, `product_id`, `unit_price`, `quantity`, `amount`) VALUES
	('OD20170618-4826', 1, 28505, 1, 28505),
	('OD20170618-4826', 2, 570, 3, 1710),
	('OD20170618-6364', 1, 28505, 2, 57010),
	('OD20170618-6364', 2, 570, 4, 2280),
	('OD20170618-7924', 1, 28505, 1, 28505),
	('OD20170618-7924', 2, 570, 3, 1710),
	('TR20170624-1627', 1, 28505, 2, 57010),
	('TR20170624-2352', 1, 28505, 6, 171030),
	('TR20170624-3418', 1, 28505, 1, 28505),
	('TR20170624-4512', 1, 28505, 4, 114020),
	('TR20170624-8572', 1, 28505, 6, 171030),
	('TR20170702-2565', 1, 28505, 4, 114020),
	('TR20170702-4845', 1, 28505, 2, 57010),
	('TR20170702-8953', 2, 570, 1, 570);
/*!40000 ALTER TABLE `sale_order_item` ENABLE KEYS */;

-- Dumping structure for table stock.sessions
DROP TABLE IF EXISTS `sessions`;
CREATE TABLE IF NOT EXISTS `sessions` (
  `id` varchar(128) NOT NULL,
  `ip_address` varchar(45) NOT NULL,
  `timestamp` int(10) unsigned NOT NULL DEFAULT '0',
  `data` blob NOT NULL,
  KEY `ci_sessions_timestamp` (`timestamp`)
) ENGINE=InnoDB DEFAULT CHARSET=utf8;

-- Dumping data for table stock.sessions: ~21 rows (approximately)
DELETE FROM `sessions`;
/*!40000 ALTER TABLE `sessions` DISABLE KEYS */;
INSERT INTO `sessions` (`id`, `ip_address`, `timestamp`, `data`) VALUES
	('e7hnu52ceqhn2vtdm5vv1sh31fdareju', '::1', 1498977291, _binary 0x5F5F63695F6C6173745F726567656E65726174657C693A313439383937373036333B6964656E746974797C733A31353A2261646D696E4061646D696E2E636F6D223B656D61696C7C733A31353A2261646D696E4061646D696E2E636F6D223B757365725F69647C733A313A2231223B6F6C645F6C6173745F6C6F67696E7C733A31303A2231343938393631363133223B6C6173745F636865636B7C693A313439383937373037373B),
	('gqus72se63vteahm99a050jpv7topn8s', '::1', 1498978258, _binary 0x5F5F63695F6C6173745F726567656E65726174657C693A313439383937373938323B6964656E746974797C733A31353A2261646D696E4061646D696E2E636F6D223B656D61696C7C733A31353A2261646D696E4061646D696E2E636F6D223B757365725F69647C733A313A2231223B6F6C645F6C6173745F6C6F67696E7C733A31303A2231343938393631363133223B6C6173745F636865636B7C693A313439383937373037373B),
	('iovl6cbla9j05tedgdhj4q9lj21thi9n', '::1', 1498978527, _binary 0x5F5F63695F6C6173745F726567656E65726174657C693A313439383937383238393B6964656E746974797C733A31353A2261646D696E4061646D696E2E636F6D223B656D61696C7C733A31353A2261646D696E4061646D696E2E636F6D223B757365725F69647C733A313A2231223B6F6C645F6C6173745F6C6F67696E7C733A31303A2231343938393631363133223B6C6173745F636865636B7C693A313439383937373037373B),
	('9aid86ssof9kkrrenu9g92a6ippfuuji', '::1', 1498978949, _binary 0x5F5F63695F6C6173745F726567656E65726174657C693A313439383937383639363B6964656E746974797C733A31353A2261646D696E4061646D696E2E636F6D223B656D61696C7C733A31353A2261646D696E4061646D696E2E636F6D223B757365725F69647C733A313A2231223B6F6C645F6C6173745F6C6F67696E7C733A31303A2231343938393631363133223B6C6173745F636865636B7C693A313439383937373037373B),
	('gihfvbsngr2813m8nurj2m7gf5g6tsve', '::1', 1498979286, _binary 0x5F5F63695F6C6173745F726567656E65726174657C693A313439383937393031323B6964656E746974797C733A31353A2261646D696E4061646D696E2E636F6D223B656D61696C7C733A31353A2261646D696E4061646D696E2E636F6D223B757365725F69647C733A313A2231223B6F6C645F6C6173745F6C6F67696E7C733A31303A2231343938393631363133223B6C6173745F636865636B7C693A313439383937373037373B),
	('6me8iqmn8her4v1ghlv7ecb787vnfupd', '::1', 1498979884, _binary 0x5F5F63695F6C6173745F726567656E65726174657C693A313439383937393738343B6964656E746974797C733A31353A2261646D696E4061646D696E2E636F6D223B656D61696C7C733A31353A2261646D696E4061646D696E2E636F6D223B757365725F69647C733A313A2231223B6F6C645F6C6173745F6C6F67696E7C733A31303A2231343938393631363133223B6C6173745F636865636B7C693A313439383937373037373B),
	('7boin2efcf8m3k92vm59i8t01ltb5p2n', '::1', 1498980219, _binary 0x5F5F63695F6C6173745F726567656E65726174657C693A313439383938303133333B6964656E746974797C733A31353A2261646D696E4061646D696E2E636F6D223B656D61696C7C733A31353A2261646D696E4061646D696E2E636F6D223B757365725F69647C733A313A2231223B6F6C645F6C6173745F6C6F67696E7C733A31303A2231343938393631363133223B6C6173745F636865636B7C693A313439383937373037373B),
	('npgqd18lrqitsjtssbs2o41ed687318i', '::1', 1498980854, _binary 0x5F5F63695F6C6173745F726567656E65726174657C693A313439383938303537383B6964656E746974797C733A31353A2261646D696E4061646D696E2E636F6D223B656D61696C7C733A31353A2261646D696E4061646D696E2E636F6D223B757365725F69647C733A313A2231223B6F6C645F6C6173745F6C6F67696E7C733A31303A2231343938393631363133223B6C6173745F636865636B7C693A313439383937373037373B),
	('3578d81581s06rnv0vlnft6ulq29mcbl', '::1', 1498981180, _binary 0x5F5F63695F6C6173745F726567656E65726174657C693A313439383938303838313B6964656E746974797C733A31353A2261646D696E4061646D696E2E636F6D223B656D61696C7C733A31353A2261646D696E4061646D696E2E636F6D223B757365725F69647C733A313A2231223B6F6C645F6C6173745F6C6F67696E7C733A31303A2231343938393631363133223B6C6173745F636865636B7C693A313439383937373037373B636172745F6974656D7C613A303A7B7D),
	('ec2dj8hct9mt9l3eon32k2sted4hvukl', '::1', 1498981435, _binary 0x5F5F63695F6C6173745F726567656E65726174657C693A313439383938313231313B6964656E746974797C733A31353A2261646D696E4061646D696E2E636F6D223B656D61696C7C733A31353A2261646D696E4061646D696E2E636F6D223B757365725F69647C733A313A2231223B6F6C645F6C6173745F6C6F67696E7C733A31303A2231343938393631363133223B6C6173745F636865636B7C693A313439383937373037373B636172745F6974656D7C613A303A7B7D),
	('p4cd7grj94j1t85rdp2mmbe5rtfc0ao3', '::1', 1498981763, _binary 0x5F5F63695F6C6173745F726567656E65726174657C693A313439383938313635343B6964656E746974797C733A31353A2261646D696E4061646D696E2E636F6D223B656D61696C7C733A31353A2261646D696E4061646D696E2E636F6D223B757365725F69647C733A313A2231223B6F6C645F6C6173745F6C6F67696E7C733A31303A2231343938393631363133223B6C6173745F636865636B7C693A313439383937373037373B636172745F6974656D7C613A303A7B7D),
	('prsovjrn94ua1okbu8ibfco41u3qn8tj', '::1', 1498984828, _binary 0x5F5F63695F6C6173745F726567656E65726174657C693A313439383938343832363B6964656E746974797C733A31353A2261646D696E4061646D696E2E636F6D223B656D61696C7C733A31353A2261646D696E4061646D696E2E636F6D223B757365725F69647C733A313A2231223B6F6C645F6C6173745F6C6F67696E7C733A31303A2231343938393631363133223B6C6173745F636865636B7C693A313439383937373037373B636172745F6974656D7C613A303A7B7D),
	('eqimht2861e0df31k5qpjjhvr4g0jnfl', '::1', 1498987659, _binary 0x5F5F63695F6C6173745F726567656E65726174657C693A313439383938373539383B6964656E746974797C733A31353A2261646D696E4061646D696E2E636F6D223B656D61696C7C733A31353A2261646D696E4061646D696E2E636F6D223B757365725F69647C733A313A2231223B6F6C645F6C6173745F6C6F67696E7C733A31303A2231343938393631363133223B6C6173745F636865636B7C693A313439383937373037373B636172745F6974656D7C613A303A7B7D),
	('cpvifdlhc2gaod90o8e8ffgt2h9k969q', '::1', 1498988452, _binary 0x5F5F63695F6C6173745F726567656E65726174657C693A313439383938383139363B6964656E746974797C733A31353A2261646D696E4061646D696E2E636F6D223B656D61696C7C733A31353A2261646D696E4061646D696E2E636F6D223B757365725F69647C733A313A2231223B6F6C645F6C6173745F6C6F67696E7C733A31303A2231343938393631363133223B6C6173745F636865636B7C693A313439383937373037373B636172745F6974656D7C613A303A7B7D),
	('7nimopbkis5b4ltnq5sterucle0epirc', '::1', 1498988526, _binary 0x5F5F63695F6C6173745F726567656E65726174657C693A313439383938383530373B6964656E746974797C733A31353A2261646D696E4061646D696E2E636F6D223B656D61696C7C733A31353A2261646D696E4061646D696E2E636F6D223B757365725F69647C733A313A2231223B6F6C645F6C6173745F6C6F67696E7C733A31303A2231343938393631363133223B6C6173745F636865636B7C693A313439383937373037373B636172745F6974656D7C613A303A7B7D),
	('lug5m1ic0277rdmib6i5b1au38thftvq', '::1', 1498994121, _binary 0x5F5F63695F6C6173745F726567656E65726174657C693A313439383939343132313B6964656E746974797C733A31353A2261646D696E4061646D696E2E636F6D223B656D61696C7C733A31353A2261646D696E4061646D696E2E636F6D223B757365725F69647C733A313A2231223B6F6C645F6C6173745F6C6F67696E7C733A31303A2231343938393631363133223B6C6173745F636865636B7C693A313439383937373037373B636172745F6974656D7C613A303A7B7D),
	('j9et9uasc6j01kai7kishfsc77pts7um', '::1', 1498995247, _binary 0x5F5F63695F6C6173745F726567656E65726174657C693A313439383939343939313B6964656E746974797C733A31353A2261646D696E4061646D696E2E636F6D223B656D61696C7C733A31353A2261646D696E4061646D696E2E636F6D223B757365725F69647C733A313A2231223B6F6C645F6C6173745F6C6F67696E7C733A31303A2231343938393631363133223B6C6173745F636865636B7C693A313439383937373037373B636172745F6974656D7C613A303A7B7D),
	('cnghveqeua6occpf88qmvnn5agj2490q', '::1', 1498995300, _binary 0x5F5F63695F6C6173745F726567656E65726174657C693A313439383939353330303B6964656E746974797C733A31353A2261646D696E4061646D696E2E636F6D223B656D61696C7C733A31353A2261646D696E4061646D696E2E636F6D223B757365725F69647C733A313A2231223B6F6C645F6C6173745F6C6F67696E7C733A31303A2231343938393631363133223B6C6173745F636865636B7C693A313439383937373037373B636172745F6974656D7C613A303A7B7D),
	('ac5brsg3ujchvdjr7g0csks590j9rb08', '::1', 1498996423, _binary 0x5F5F63695F6C6173745F726567656E65726174657C693A313439383939363138313B6964656E746974797C733A31353A2261646D696E4061646D696E2E636F6D223B656D61696C7C733A31353A2261646D696E4061646D696E2E636F6D223B757365725F69647C733A313A2231223B6F6C645F6C6173745F6C6F67696E7C733A31303A2231343938393631363133223B6C6173745F636865636B7C693A313439383937373037373B636172745F6974656D7C613A303A7B7D),
	('dvnsc61v1iu57aj0kjvcq8bqd1asf9sf', '::1', 1498996959, _binary 0x5F5F63695F6C6173745F726567656E65726174657C693A313439383939363730323B6964656E746974797C733A31353A2261646D696E4061646D696E2E636F6D223B656D61696C7C733A31353A2261646D696E4061646D696E2E636F6D223B757365725F69647C733A313A2231223B6F6C645F6C6173745F6C6F67696E7C733A31303A2231343938393631363133223B6C6173745F636865636B7C693A313439383937373037373B636172745F6974656D7C613A303A7B7D),
	('3bagfs5isa2ljfkl3r3e9qtaapegvic4', '::1', 1498997477, _binary 0x5F5F63695F6C6173745F726567656E65726174657C693A313439383939373331383B6964656E746974797C733A31353A2261646D696E4061646D696E2E636F6D223B656D61696C7C733A31353A2261646D696E4061646D696E2E636F6D223B757365725F69647C733A313A2231223B6F6C645F6C6173745F6C6F67696E7C733A31303A2231343938393631363133223B6C6173745F636865636B7C693A313439383937373037373B636172745F6974656D7C613A303A7B7D),
	('6ib6h0954p3f2c2uc7865pas4p47ucqi', '::1', 1498997881, _binary 0x5F5F63695F6C6173745F726567656E65726174657C693A313439383939373836383B6964656E746974797C733A31353A2261646D696E4061646D696E2E636F6D223B656D61696C7C733A31353A2261646D696E4061646D696E2E636F6D223B757365725F69647C733A313A2231223B6F6C645F6C6173745F6C6F67696E7C733A31303A2231343938393631363133223B6C6173745F636865636B7C693A313439383937373037373B636172745F6974656D7C613A303A7B7D),
	('1h5nfaf4u82o4c7ck3i2e2jo1ui1u00g', '::1', 1498998229, _binary 0x5F5F63695F6C6173745F726567656E65726174657C693A313439383939383232383B6964656E746974797C733A31353A2261646D696E4061646D696E2E636F6D223B656D61696C7C733A31353A2261646D696E4061646D696E2E636F6D223B757365725F69647C733A313A2231223B6F6C645F6C6173745F6C6F67696E7C733A31303A2231343938393631363133223B6C6173745F636865636B7C693A313439383937373037373B636172745F6974656D7C613A303A7B7D),
	('ufhvv7ihqq7in8mdva4h4r56mrlk0mr9', '::1', 1498998861, _binary 0x5F5F63695F6C6173745F726567656E65726174657C693A313439383939383734343B6964656E746974797C733A31353A2261646D696E4061646D696E2E636F6D223B656D61696C7C733A31353A2261646D696E4061646D696E2E636F6D223B757365725F69647C733A313A2231223B6F6C645F6C6173745F6C6F67696E7C733A31303A2231343938393631363133223B6C6173745F636865636B7C693A313439383937373037373B636172745F6974656D7C613A303A7B7D),
	('7qboupo4fbimsnhair86gf7oism46d0d', '::1', 1498999196, _binary 0x5F5F63695F6C6173745F726567656E65726174657C693A313439383939393035323B6964656E746974797C733A31353A2261646D696E4061646D696E2E636F6D223B656D61696C7C733A31353A2261646D696E4061646D696E2E636F6D223B757365725F69647C733A313A2231223B6F6C645F6C6173745F6C6F67696E7C733A31303A2231343938393631363133223B6C6173745F636865636B7C693A313439383937373037373B636172745F6974656D7C613A303A7B7D),
	('8ct6rktro9huemiqb1nljl1iojd9db7r', '::1', 1498999733, _binary 0x5F5F63695F6C6173745F726567656E65726174657C693A313439383939393732383B6964656E746974797C733A31353A2261646D696E4061646D696E2E636F6D223B656D61696C7C733A31353A2261646D696E4061646D696E2E636F6D223B757365725F69647C733A313A2231223B6F6C645F6C6173745F6C6F67696E7C733A31303A2231343938393631363133223B6C6173745F636865636B7C693A313439383937373037373B636172745F6974656D7C613A303A7B7D),
	('tqfu5l3n4q5jsgp7dcgoijmbiursu59n', '::1', 1499000402, _binary 0x5F5F63695F6C6173745F726567656E65726174657C693A313439393030303132393B6964656E746974797C733A31353A2261646D696E4061646D696E2E636F6D223B656D61696C7C733A31353A2261646D696E4061646D696E2E636F6D223B757365725F69647C733A313A2231223B6F6C645F6C6173745F6C6F67696E7C733A31303A2231343938393631363133223B6C6173745F636865636B7C693A313439383937373037373B636172745F6974656D7C613A303A7B7D),
	('cbhvfiu25dhh201mfikbvimu30vbhe94', '::1', 1499000791, _binary 0x5F5F63695F6C6173745F726567656E65726174657C693A313439393030303531313B6964656E746974797C733A31353A2261646D696E4061646D696E2E636F6D223B656D61696C7C733A31353A2261646D696E4061646D696E2E636F6D223B757365725F69647C733A313A2231223B6F6C645F6C6173745F6C6F67696E7C733A31303A2231343938393631363133223B6C6173745F636865636B7C693A313439383937373037373B636172745F6974656D7C613A303A7B7D),
	('q707in2lfqbno7fnsnuskosk47d6348j', '::1', 1499001157, _binary 0x5F5F63695F6C6173745F726567656E65726174657C693A313439393030303838363B6964656E746974797C733A31353A2261646D696E4061646D696E2E636F6D223B656D61696C7C733A31353A2261646D696E4061646D696E2E636F6D223B757365725F69647C733A313A2231223B6F6C645F6C6173745F6C6F67696E7C733A31303A2231343938393631363133223B6C6173745F636865636B7C693A313439383937373037373B636172745F6974656D7C613A303A7B7D),
	('1h3ihbvhsiln11298s9icgsssq8eueas', '::1', 1499001561, _binary 0x5F5F63695F6C6173745F726567656E65726174657C693A313439393030313237393B6964656E746974797C733A31353A2261646D696E4061646D696E2E636F6D223B656D61696C7C733A31353A2261646D696E4061646D696E2E636F6D223B757365725F69647C733A313A2231223B6F6C645F6C6173745F6C6F67696E7C733A31303A2231343938393631363133223B6C6173745F636865636B7C693A313439383937373037373B636172745F6974656D7C613A303A7B7D),
	('m5uc7n63jf2amae0frfkoblguaocrh2t', '::1', 1499001864, _binary 0x5F5F63695F6C6173745F726567656E65726174657C693A313439393030313632383B6964656E746974797C733A31353A2261646D696E4061646D696E2E636F6D223B656D61696C7C733A31353A2261646D696E4061646D696E2E636F6D223B757365725F69647C733A313A2231223B6F6C645F6C6173745F6C6F67696E7C733A31303A2231343938393631363133223B6C6173745F636865636B7C693A313439383937373037373B636172745F6974656D7C613A303A7B7D),
	('o6fddt406r8eg7pt71k169r95d28be6c', '::1', 1499002201, _binary 0x5F5F63695F6C6173745F726567656E65726174657C693A313439393030313936393B6964656E746974797C733A31353A2261646D696E4061646D696E2E636F6D223B656D61696C7C733A31353A2261646D696E4061646D696E2E636F6D223B757365725F69647C733A313A2231223B6F6C645F6C6173745F6C6F67696E7C733A31303A2231343938393631363133223B6C6173745F636865636B7C693A313439383937373037373B636172745F6974656D7C613A303A7B7D),
	('g66s07j638la4i5ttk935qhrap53nss8', '::1', 1499002477, _binary 0x5F5F63695F6C6173745F726567656E65726174657C693A313439393030323237303B6964656E746974797C733A31353A2261646D696E4061646D696E2E636F6D223B656D61696C7C733A31353A2261646D696E4061646D696E2E636F6D223B757365725F69647C733A313A2231223B6F6C645F6C6173745F6C6F67696E7C733A31303A2231343938393631363133223B6C6173745F636865636B7C693A313439383937373037373B636172745F6974656D7C613A303A7B7D),
	('fru2lgm8qbt3429qbtvokpa0ke0ogt3p', '::1', 1499003035, _binary 0x5F5F63695F6C6173745F726567656E65726174657C693A313439393030323639303B6964656E746974797C733A31353A2261646D696E4061646D696E2E636F6D223B656D61696C7C733A31353A2261646D696E4061646D696E2E636F6D223B757365725F69647C733A313A2231223B6F6C645F6C6173745F6C6F67696E7C733A31303A2231343938393631363133223B6C6173745F636865636B7C693A313439383937373037373B636172745F6974656D7C613A303A7B7D),
	('o8snno1cmocadpskuuvnf5mt8brd9nrv', '::1', 1499003296, _binary 0x5F5F63695F6C6173745F726567656E65726174657C693A313439393030333033363B6964656E746974797C733A31353A2261646D696E4061646D696E2E636F6D223B656D61696C7C733A31353A2261646D696E4061646D696E2E636F6D223B757365725F69647C733A313A2231223B6F6C645F6C6173745F6C6F67696E7C733A31303A2231343938393631363133223B6C6173745F636865636B7C693A313439383937373037373B636172745F6974656D7C613A303A7B7D),
	('ka5u4vdd009jqtgb4ctfqstdok1376rh', '::1', 1499003549, _binary 0x5F5F63695F6C6173745F726567656E65726174657C693A313439393030333334393B6964656E746974797C733A31353A2261646D696E4061646D696E2E636F6D223B656D61696C7C733A31353A2261646D696E4061646D696E2E636F6D223B757365725F69647C733A313A2231223B6F6C645F6C6173745F6C6F67696E7C733A31303A2231343938393631363133223B6C6173745F636865636B7C693A313439383937373037373B636172745F6974656D7C613A303A7B7D),
	('n0id9iovuani1nn14urek0t1i42nd7e6', '::1', 1499003820, _binary 0x5F5F63695F6C6173745F726567656E65726174657C693A313439393030333635363B6964656E746974797C733A31353A2261646D696E4061646D696E2E636F6D223B656D61696C7C733A31353A2261646D696E4061646D696E2E636F6D223B757365725F69647C733A313A2231223B6F6C645F6C6173745F6C6F67696E7C733A31303A2231343938393631363133223B6C6173745F636865636B7C693A313439383937373037373B636172745F6974656D7C613A303A7B7D),
	('san2er94d02lhjeho9q3u7i57bc68ml5', '::1', 1499004275, _binary 0x5F5F63695F6C6173745F726567656E65726174657C693A313439393030333937363B6964656E746974797C733A31353A2261646D696E4061646D696E2E636F6D223B656D61696C7C733A31353A2261646D696E4061646D696E2E636F6D223B757365725F69647C733A313A2231223B6F6C645F6C6173745F6C6F67696E7C733A31303A2231343938393631363133223B6C6173745F636865636B7C693A313439383937373037373B636172745F6974656D7C613A303A7B7D),
	('7aipjo8vcg8ogn3b7mq88j3mvuml7m1l', '::1', 1499004297, _binary 0x5F5F63695F6C6173745F726567656E65726174657C693A313439393030343237373B6964656E746974797C733A31353A2261646D696E4061646D696E2E636F6D223B656D61696C7C733A31353A2261646D696E4061646D696E2E636F6D223B757365725F69647C733A313A2231223B6F6C645F6C6173745F6C6F67696E7C733A31303A2231343938393631363133223B6C6173745F636865636B7C693A313439383937373037373B636172745F6974656D7C613A303A7B7D),
	('pbbo7s5a2pge32p5k11dk5ph6sgdoogu', '::1', 1499016911, _binary 0x5F5F63695F6C6173745F726567656E65726174657C693A313439393031363632303B6964656E746974797C733A31353A2261646D696E4061646D696E2E636F6D223B656D61696C7C733A31353A2261646D696E4061646D696E2E636F6D223B757365725F69647C733A313A2231223B6F6C645F6C6173745F6C6F67696E7C733A31303A2231343938393737303737223B6C6173745F636865636B7C693A313439393031363632373B),
	('pr732fhu1s18mm09ikcihkiedah8ujh7', '::1', 1499017286, _binary 0x5F5F63695F6C6173745F726567656E65726174657C693A313439393031363939363B6964656E746974797C733A31353A2261646D696E4061646D696E2E636F6D223B656D61696C7C733A31353A2261646D696E4061646D696E2E636F6D223B757365725F69647C733A313A2231223B6F6C645F6C6173745F6C6F67696E7C733A31303A2231343938393737303737223B6C6173745F636865636B7C693A313439393031363632373B636172745F6974656D7C613A313A7B693A303B613A383A7B733A31303A2270726F647563745F6964223B733A313A2231223B733A31323A2270726F647563745F6E616D65223B733A35383A22E0B881E0B8A3E0B8ADE0B887E0B899E0B989E0B8B3E0B8A1E0B8B1E0B899E0B980E0B884E0B8A3E0B8B7E0B988E0B8ADE0B88720535452414441223B733A383A227175616E74697479223B733A3131373A223C696E70757420747970653D276E756D626572272070726F647563745F69643D27312720636C6173733D277175616E74697479272076616C75653D2731275C3E3C696E70757420747970653D2768696464656E2720636C6173733D277175616E746974795F315F70272076616C75653D2731275C3E223B733A31303A226E5F7175616E74697479223B733A313A2231223B733A32313A2270726F647563745F70726963655F73656C6C696E67223B733A353A223238353035223B733A363A22616D6F756E74223B733A37313A223C696E70757420747970653D276E756D6265722720636C6173733D27616D6F756E74272076616C75653D273238353035275C20726561646F6E6C793D27726561646F6E6C79273E223B733A383A226E5F616D6F756E74223B693A32383530353B733A363A22616374696F6E223B733A3231383A223C6120636C6173733D2762746E2062746E2D696E666F2062746E2D736D2720687265663D276A6176617363726970743A6164645F6361727428312C31293B273E3C6920636C6173733D2766612D6677206661202066612D6172726F772D7570273E3C2F693E3C2F613E203C6120636C6173733D2762746E2062746E2D7761726E696E672062746E2D736D2720687265663D276A6176617363726970743A6164645F6361727428312C2D31293B273E3C6920636C6173733D2766612D6677206661202066612D6172726F772D646F776E273E3C2F693E3C2F613E20223B7D7D),
	('quuounma1ulcpm5rfl5p4o8uetbp5dml', '::1', 1499017622, _binary 0x5F5F63695F6C6173745F726567656E65726174657C693A313439393031373332323B6964656E746974797C733A31353A2261646D696E4061646D696E2E636F6D223B656D61696C7C733A31353A2261646D696E4061646D696E2E636F6D223B757365725F69647C733A313A2231223B6F6C645F6C6173745F6C6F67696E7C733A31303A2231343938393737303737223B6C6173745F636865636B7C693A313439393031363632373B),
	('106h3l499igvj79i14bpbqfv8r9mf5on', '::1', 1499017912, _binary 0x5F5F63695F6C6173745F726567656E65726174657C693A313439393031373632343B6964656E746974797C733A31353A2261646D696E4061646D696E2E636F6D223B656D61696C7C733A31353A2261646D696E4061646D696E2E636F6D223B757365725F69647C733A313A2231223B6F6C645F6C6173745F6C6F67696E7C733A31303A2231343938393737303737223B6C6173745F636865636B7C693A313439393031363632373B637372666B65797C733A383A225754675A466F437A223B5F5F63695F766172737C613A323A7B733A373A22637372666B6579223B733A333A226E6577223B733A393A226373726676616C7565223B733A333A226E6577223B7D6373726676616C75657C733A32303A227155794F48416F5954527035645A586A4B787738223B),
	('ol0uc86ld3i6i9uev7u0is2hfd1bs1uo', '::1', 1499018043, _binary 0x5F5F63695F6C6173745F726567656E65726174657C693A313439393031373932393B6964656E746974797C733A31353A2261646D696E4061646D696E2E636F6D223B656D61696C7C733A31353A2261646D696E4061646D696E2E636F6D223B757365725F69647C733A313A2231223B6F6C645F6C6173745F6C6F67696E7C733A31303A2231343938393737303737223B6C6173745F636865636B7C693A313439393031363632373B),
	('pq9rahdpupn4k8e1d1ksmnu6f810q6pu', '::1', 1499018545, _binary 0x5F5F63695F6C6173745F726567656E65726174657C693A313439393031383239363B6964656E746974797C733A31353A2261646D696E4061646D696E2E636F6D223B656D61696C7C733A31353A2261646D696E4061646D696E2E636F6D223B757365725F69647C733A313A2231223B6F6C645F6C6173745F6C6F67696E7C733A31303A2231343938393737303737223B6C6173745F636865636B7C693A313439393031363632373B),
	('ifte0g8skgijscadhup768f04rro5oku', '::1', 1499018683, _binary 0x5F5F63695F6C6173745F726567656E65726174657C693A313439393031383539373B6964656E746974797C733A31353A2261646D696E4061646D696E2E636F6D223B656D61696C7C733A31353A2261646D696E4061646D696E2E636F6D223B757365725F69647C733A313A2231223B6F6C645F6C6173745F6C6F67696E7C733A31303A2231343938393737303737223B6C6173745F636865636B7C693A313439393031363632373B);
/*!40000 ALTER TABLE `sessions` ENABLE KEYS */;

-- Dumping structure for table stock.stock
DROP TABLE IF EXISTS `stock`;
CREATE TABLE IF NOT EXISTS `stock` (
  `stock_id` int(11) NOT NULL AUTO_INCREMENT,
  `branchs_id` int(11) NOT NULL COMMENT 'รหัสสาขาของ stock นี้',
  `product_id` int(11) NOT NULL COMMENT 'รหัสสินค้าใน stock',
  `stock_qty_ori` int(11) NOT NULL DEFAULT '0' COMMENT 'จำนวนสินค้าใน stock ตอนสร้าง stock',
  `stock_qty_remaining` int(11) NOT NULL COMMENT 'จำนวนสินค้าคงคลัง',
  `stock_remark` text,
  `active` tinyint(1) NOT NULL DEFAULT '1',
  `created_by` int(11) DEFAULT NULL,
  `created_at` datetime NOT NULL,
  `updated_by` int(11) DEFAULT NULL,
  `updated_at` datetime NOT NULL,
  PRIMARY KEY (`stock_id`),
  UNIQUE KEY `branchs_id` (`branchs_id`,`product_id`)
) ENGINE=InnoDB AUTO_INCREMENT=10 DEFAULT CHARSET=utf8;

-- Dumping data for table stock.stock: ~4 rows (approximately)
DELETE FROM `stock`;
/*!40000 ALTER TABLE `stock` DISABLE KEYS */;
INSERT INTO `stock` (`stock_id`, `branchs_id`, `product_id`, `stock_qty_ori`, `stock_qty_remaining`, `stock_remark`, `active`, `created_by`, `created_at`, `updated_by`, `updated_at`) VALUES
	(3, 1, 1, 220, 231, '', 1, 1, '2017-06-19 15:49:11', 1, '2017-06-19 18:15:27'),
	(4, 2, 2, 53, 96, '', 1, 1, '2017-06-19 16:22:35', 1, '2017-06-19 17:49:07'),
	(7, 2, 1, 1, 26, 'Transfer', 1, NULL, '2017-06-24 06:46:46', NULL, '2017-06-24 06:46:46'),
	(8, 1, 2, 3, 27, 'Transfer', 1, NULL, '2017-07-01 07:24:46', NULL, '2017-07-01 07:24:46'),
	(9, 1, 3, 0, 0, NULL, 1, NULL, '0000-00-00 00:00:00', NULL, '0000-00-00 00:00:00');
/*!40000 ALTER TABLE `stock` ENABLE KEYS */;

-- Dumping structure for table stock.tmp_import_stocks
DROP TABLE IF EXISTS `tmp_import_stocks`;
CREATE TABLE IF NOT EXISTS `tmp_import_stocks` (
  `id` int(11) unsigned NOT NULL AUTO_INCREMENT,
  `import_file_name` varchar(255) NOT NULL,
  `category` varchar(255) NOT NULL,
  `location` varchar(255) DEFAULT NULL,
  `part_name` varchar(255) DEFAULT NULL,
  `part_no` varchar(255) DEFAULT NULL,
  `qty` double DEFAULT '0',
  `price` double DEFAULT '0',
  `code` varchar(16) DEFAULT NULL,
  `file_type` varchar(100) NOT NULL DEFAULT '1',
  `created_at` datetime DEFAULT NULL,
  `updated_at` datetime DEFAULT NULL,
  `deleted_at` datetime DEFAULT NULL,
  `created_by` int(11) DEFAULT NULL,
  `updated_by` int(11) DEFAULT NULL,
  `deleted_by` int(11) DEFAULT NULL,
  PRIMARY KEY (`id`),
  KEY `IDX_ID_CODE` (`code`)
) ENGINE=InnoDB AUTO_INCREMENT=2951 DEFAULT CHARSET=utf8;

-- Dumping data for table stock.tmp_import_stocks: ~0 rows (approximately)
DELETE FROM `tmp_import_stocks`;
/*!40000 ALTER TABLE `tmp_import_stocks` DISABLE KEYS */;
/*!40000 ALTER TABLE `tmp_import_stocks` ENABLE KEYS */;

-- Dumping structure for table stock.users
DROP TABLE IF EXISTS `users`;
CREATE TABLE IF NOT EXISTS `users` (
  `id` int(11) unsigned NOT NULL AUTO_INCREMENT,
  `ip_address` varchar(45) NOT NULL,
  `username` varchar(100) DEFAULT NULL,
  `password` varchar(255) NOT NULL,
  `salt` varchar(255) DEFAULT NULL,
  `email` varchar(100) NOT NULL,
  `activation_code` varchar(40) DEFAULT NULL,
  `forgotten_password_code` varchar(40) DEFAULT NULL,
  `forgotten_password_time` int(11) unsigned DEFAULT NULL,
  `remember_code` varchar(40) DEFAULT NULL,
  `created_on` int(11) unsigned NOT NULL,
  `last_login` int(11) unsigned DEFAULT NULL,
  `active` tinyint(1) unsigned DEFAULT NULL,
  `first_name` varchar(50) DEFAULT NULL,
  `last_name` varchar(50) DEFAULT NULL,
  `company` varchar(100) DEFAULT NULL,
  `branch` varchar(100) DEFAULT NULL,
  `phone` varchar(20) DEFAULT NULL,
  PRIMARY KEY (`id`)
) ENGINE=InnoDB AUTO_INCREMENT=3 DEFAULT CHARSET=utf8;

-- Dumping data for table stock.users: ~2 rows (approximately)
DELETE FROM `users`;
/*!40000 ALTER TABLE `users` DISABLE KEYS */;
INSERT INTO `users` (`id`, `ip_address`, `username`, `password`, `salt`, `email`, `activation_code`, `forgotten_password_code`, `forgotten_password_time`, `remember_code`, `created_on`, `last_login`, `active`, `first_name`, `last_name`, `company`, `branch`, `phone`) VALUES
	(1, '127.0.0.1', 'administrator', '$2a$07$SeBknntpZror9uyftVopmu61qg0ms8Qv1yV6FG.kQOSM.9QhmTo36', '', 'admin@admin.com', '', 'MEYMvFPJzK9kcLEdqqMhwu0b6142ac9bc3b69fb1', 1495649960, NULL, 1268889823, 1499016627, 1, 'Admin', 'Admin', 'ADMIN', '1', '1213'),
	(2, '::1', 'ad2@ad.com', '$2y$08$/wakpgz4qSUwlLVnPqLmLeEC38WxnnGf/m8wFF2ior262H0TnUvm2', NULL, 'ad2@ad.com', NULL, NULL, NULL, NULL, 1497202309, NULL, 1, 'sss', 'jj', NULL, '1', 'jjj');
/*!40000 ALTER TABLE `users` ENABLE KEYS */;

-- Dumping structure for table stock.users_groups
DROP TABLE IF EXISTS `users_groups`;
CREATE TABLE IF NOT EXISTS `users_groups` (
  `id` int(11) unsigned NOT NULL AUTO_INCREMENT,
  `user_id` int(11) unsigned NOT NULL,
  `group_id` mediumint(8) unsigned NOT NULL,
  PRIMARY KEY (`id`),
  UNIQUE KEY `uc_users_groups` (`user_id`,`group_id`),
  KEY `fk_users_groups_users1_idx` (`user_id`),
  KEY `fk_users_groups_groups1_idx` (`group_id`),
  CONSTRAINT `fk_users_groups_groups1` FOREIGN KEY (`group_id`) REFERENCES `groups` (`id`) ON DELETE CASCADE ON UPDATE NO ACTION,
  CONSTRAINT `fk_users_groups_users1` FOREIGN KEY (`user_id`) REFERENCES `users` (`id`) ON DELETE CASCADE ON UPDATE NO ACTION
) ENGINE=InnoDB AUTO_INCREMENT=4 DEFAULT CHARSET=utf8;

-- Dumping data for table stock.users_groups: ~3 rows (approximately)
DELETE FROM `users_groups`;
/*!40000 ALTER TABLE `users_groups` DISABLE KEYS */;
INSERT INTO `users_groups` (`id`, `user_id`, `group_id`) VALUES
	(1, 1, 1),
	(2, 1, 2),
	(3, 2, 2);
/*!40000 ALTER TABLE `users_groups` ENABLE KEYS */;

/*!40101 SET SQL_MODE=IFNULL(@OLD_SQL_MODE, '') */;
/*!40014 SET FOREIGN_KEY_CHECKS=IF(@OLD_FOREIGN_KEY_CHECKS IS NULL, 1, @OLD_FOREIGN_KEY_CHECKS) */;
/*!40101 SET CHARACTER_SET_CLIENT=@OLD_CHARACTER_SET_CLIENT */;
